date,Kidson,Temp.original,found.correctly,updated.values,temp.updated,temp.final,siggi.original,found.correctly,updated.value,siggi.updated,siggi.final,wd,ws,tair,
1/10/12 12:00,SW,NA,UPDATE,600,600,600,1237,0,NA,1237,NA,236,10,16,
2/10/12 12:00,SW,NA,0,NA,NA,NA,1276,1,NA,1276,1276,242,12,15,
3/10/12 12:00,SW,1516,0,NA,1516,NA,857,0,NA,857,NA,249,10,15,
4/10/12 12:00,W,NA,0,NA,NA,NA,1281,0,NA,1281,NA,242,13,15,
5/10/12 12:00,T,1157,1,NA,1157,1157,1228,1,NA,1228,1228,234,8,15,
6/10/12 12:00,SW,1919,0,NA,1919,NA,1393,"""UPDATE""",1000,1000,1000,246,9,15,
7/10/12 12:00,T,1676,0,NA,1676,NA,1281,0,NA,1281,NA,233,7,14,
8/10/12 12:00,TNW,1529,0,NA,1529,NA,287,1,NA,287,287,29,8,16,
9/10/12 12:00,TNW,2175,0,NA,2175,NA,1554,0,NA,1554,NA,286,7,18,
10/10/12 12:00,W,2248,0,NA,2248,NA,1023,0,NA,1023,NA,248,2,18,
11/10/12 12:00,SW,NA,0,NA,NA,NA,1310,1,NA,1310,1310,233,10,18,
12/10/12 12:00,SW,932,1,NA,932,932,896,1,NA,896,896,336,2,19,
13/10/12 12:00,SW,NA,0,NA,NA,NA,423,1,NA,423,423,298,12,15,
14/10/12 12:00,W,NA,0,NA,NA,NA,1330,0,NA,1330,NA,250,10,15,
15/10/12 12:00,T,1953,0,NA,1953,NA,1311,0,NA,1311,NA,243,12,15,
16/10/12 12:00,SW,1419,1,NA,1419,1419,1544,0,NA,1544,NA,231,11,15,
17/10/12 12:00,T,1594,0,NA,1594,NA,1193,1,NA,1193,1193,265,9,19,
18/10/12 12:00,TNW,1761,UPDATE,600,600,600,613,1,NA,613,613,254,12,17,
19/10/12 12:00,TNW,2150,0,NA,2150,NA,974,0,NA,974,NA,233,16,14,
20/10/12 12:00,T,1606,1,NA,1606,1606,1597,1,NA,1597,1597,230,8,16,
21/10/12 12:00,SW,697,0,NA,697,NA,360,1,NA,360,360,304,7,16,
22/10/12 12:00,SW,1311,0,NA,1311,NA,911,1,NA,911,911,273,10,18,
23/10/12 12:00,SW,NA,0,NA,NA,NA,891,1,NA,891,891,204,6,12,
24/10/12 12:00,W,1096,0,NA,1096,NA,1724,0,NA,1724,NA,41,3,17,
25/10/12 12:00,T,1247,1,NA,1247,1247,1203,1,NA,1203,1203,242,4,16,
26/10/12 12:00,SW,1591,UPDATE,1400,1400,1400,1300,1,NA,1300,1300,215,4,18,
27/10/12 12:00,T,1121,1,NA,1121,1121,862,1,NA,862,862,250,2,19,
28/10/12 12:00,TNW,660,0,NA,660,NA,292,1,NA,292,292,47,6,18,
29/10/12 12:00,TNW,NA,0,NA,NA,NA,258,1,NA,258,258,216,3,15,
30/10/12 12:00,SW,730,1,NA,730,730,1383,0,NA,1383,NA,227,5,20,
31/10/12 12:00,SW,673,1,NA,673,673,716,1,NA,716,716,217,7,17,
1/11/12 12:00,SW,953,1,NA,953,953,1023,1,NA,1023,1023,233,4,19,
2/11/12 12:00,HW,1173,1,NA,1173,1173,1178,1,NA,1178,1178,295,3,19,
3/11/12 12:00,H,NA,0,NA,NA,NA,380,0,NA,380,NA,12,5,18,
4/11/12 12:00,W,2054,0,NA,2054,NA,1602,1,NA,1602,1602,214,11,15,
5/11/12 12:00,R,1642,UPDATE,1400,1400,1400,1349,1,NA,1349,1349,218,9,17,
6/11/12 12:00,TSW,2015,0,NA,2015,NA,1651,0,NA,1651,NA,198,4,16,
7/11/12 12:00,R,NA,0,NA,NA,NA,1407,0,NA,1407,NA,73,2,15,
8/11/12 12:00,R,2159,0,NA,2159,NA,1330,0,NA,1330,NA,214,3,18,
9/11/12 12:00,TNW,NA,0,NA,NA,NA,1505,1,NA,1505,1505,238,3,18,
10/11/12 12:00,TNW,836,1,NA,836,836,1188,1,NA,1188,1188,220,6,18,
11/11/12 12:00,SW,988,1,NA,988,988,1101,1,NA,1101,1101,286,7,18,
12/11/12 12:00,HW,NA,0,NA,NA,NA,292,0,NA,292,NA,242,3,17,
13/11/12 12:00,H,2004,0,NA,2004,NA,1271,0,NA,1271,NA,243,6,18,
14/11/12 12:00,W,2142,0,NA,2142,NA,1354,1,NA,1354,1354,235,10,15,
15/11/12 12:00,R,2238,0,NA,2238,NA,1145,0,NA,1145,NA,275,8,18,
16/11/12 12:00,TSW,2012,0,NA,2012,NA,1247,0,NA,1247,NA,245,9,17,
17/11/12 12:00,R,NA,0,NA,NA,NA,322,1,NA,322,322,18,5,16,
18/11/12 12:00,R,NA,0,NA,NA,NA,1422,1,NA,1422,1422,242,14,17,
19/11/12 12:00,TNW,1563,1,NA,1563,1563,1120,"""UPDATE""",1600,1600,1600,232,5,18,
20/11/12 12:00,SW,1330,1,NA,1330,1330,1276,1,NA,1276,1276,263,3,19,
21/11/12 12:00,SW,1275,0,NA,1275,NA,1293,0,NA,1293,NA,250,3,20,
22/11/12 12:00,HW,1072,0,NA,1072,NA,808,1,NA,808,808,50,6,21,
23/11/12 12:00,H,1250,0,NA,1250,NA,1108,0,NA,1108,NA,345,2,21,
24/11/12 12:00,W,1273,1,NA,1273,1273,1378,1,NA,1378,1378,237,7,19,
25/11/12 12:00,R,1153,1,NA,1153,1153,1149,1,NA,1149,1149,237,8,19,
26/11/12 12:00,TSW,1622,0,NA,1622,NA,1261,1,NA,1261,1261,239,9,20,
27/11/12 12:00,R,841,1,NA,841,841,380,"""UPDATE""",800,800,800,241,9,19,
28/11/12 12:00,R,NA,0,NA,NA,NA,915,1,NA,915,915,236,8,20,
29/11/12 12:00,TNW,1639,0,NA,1639,NA,409,1,NA,409,409,208,4,16,
30/11/12 12:00,HE,1772,0,NA,1772,NA,263,1,NA,263,NA,221,13,17,
1/12/12 12:00,TSW,1258,0,NA,1258,NA,258,0,NA,258,NA,235,8,19,
2/12/12 12:00,NE,1274,1,NA,1274,1274,803,1,NA,803,803,278,9,18,
3/12/12 12:00,NE,884,1,NA,884,884,847,1,NA,847,847,238,9,19,
4/12/12 12:00,NE,1140,1,NA,1140,1140,920,"""UPDATE""",380,380,380,28,3,20,
5/12/12 12:00,NE,NA,0,NA,NA,NA,224,1,NA,224,224,29,6,19,
6/12/12 12:00,NE,NA,0,NA,NA,NA,267,1,NA,267,NA,46,5,19,
7/12/12 12:00,NE,NA,0,NA,NA,NA,1110,0,NA,1110,NA,274,11,16,
8/12/12 12:00,NE,NA,0,NA,NA,NA,1368,0,NA,1368,NA,218,6,19,
9/12/12 12:00,TSW,1457,1,NA,1457,1457,888,"""UPDATE""",1200,1200,1200,212,5,20,
10/12/12 12:00,TSW,1021,1,NA,1021,1021,1106,1,NA,1106,1106,218,5,20,
11/12/12 12:00,TSW,1073,1,NA,1073,1073,857,1,NA,857,857,213,6,18,
12/12/12 12:00,NE,1500,0,NA,1500,NA,1301,0,NA,1301,NA,46,6,22,
13/12/12 12:00,NE,843,0,NA,843,NA,394,0,NA,394,NA,32,4,22,
14/12/12 12:00,NE,1439,1,NA,1439,1439,979,0,NA,979,NA,36,4,21,
15/12/12 12:00,NE,820,1,NA,820,820,1198,1,NA,1198,1198,227,4,23,
16/12/12 12:00,NE,840,1,NA,840,840,1037,0,NA,1037,NA,50,6,22,
17/12/12 12:00,NE,1551,0,NA,1551,NA,326,1,NA,326,326,33,7,21,
18/12/12 12:00,NE,NA,0,NA,NA,NA,482,1,NA,482,482,18,7,23,
19/12/12 12:00,TSW,769,1,NA,769,769,818,1,NA,818,818,231,8,23,
20/12/12 12:00,,NA,0,NA,NA,NA,716,1,NA,716,716,36,5,24,
21/12/12 12:00,,NA,0,NA,NA,NA,570,1,NA,570,570,20,6,23,
22/12/12 12:00,NE,1632,0,NA,1632,NA,1042,0,NA,1042,NA,279,2,24,
23/12/12 12:00,NE,NA,0,NA,NA,NA,1159,1,NA,1159,1159,125,6,23,
24/12/12 12:00,NE,NA,0,NA,NA,NA,482,1,NA,482,482,81,5,25,
25/12/12 12:00,NE,NA,0,NA,NA,NA,360,1,NA,360,360,51,9,21,
26/12/12 12:00,NE,NA,0,NA,NA,NA,555,1,NA,555,555,3,5,21,
27/12/12 12:00,NE,1608,0,NA,1608,NA,463,1,NA,463,463,234,5,21,
28/12/12 12:00,NE,NA,0,NA,NA,NA,409,1,NA,409,409,32,5,22,
29/12/12 12:00,TSW,1463,0,NA,1463,NA,1384,0,NA,1384,NA,245,3,25,
30/12/12 12:00,SW,NA,UPDATE,750,750,750,847,1,NA,847,847,345,4,24,
31/12/12 12:00,TSW,NA,0,NA,NA,NA,233,0,NA,233,NA,230,10,20,
1/01/13 12:00,T,1065,1,NA,1065,1065,906,0,NA,906,NA,232,6,22,
2/01/13 12:00,T,1336,1,NA,1336,1336,1490,1,NA,1490,1490,285,5,24,
3/01/13 12:00,TSW,1590,0,NA,1590,NA,1690,0,NA,1690,NA,236,4,17,
4/01/13 12:00,R,2283,0,NA,2283,NA,1271,0,NA,1271,NA,218,11,20,
5/01/13 12:00,R,1371,0,NA,1371,NA,1208,0,NA,1208,NA,206,7,22,
6/01/13 12:00,TSW,735,0,NA,735,NA,1539,0,NA,1539,NA,208,6,25,
7/01/13 12:00,SW,794,1,NA,794,794,297,0,NA,297,NA,226,11,21,
8/01/13 12:00,T,1256,1,NA,1256,1256,1193,1,NA,1193,1193,245,11,21,
9/01/13 12:00,T,786,0,NA,786,NA,409,0,NA,409,NA,350,3,25,
10/01/13 12:00,W,1307,1,NA,1307,1307,301,0,NA,301,NA,352,3,24,
11/01/13 12:00,T,1497,1,NA,1497,1497,1383,1,NA,1383,1383,228,5,26,
12/01/13 12:00,T,-1,0,NA,-1,NA,818,1,NA,818,818,233,6,24,
13/01/13 12:00,TSW,1373,0,NA,1373,NA,1345,0,NA,1345,NA,244,2,26,
14/01/13 12:00,R,2165,0,NA,2165,NA,477,1,NA,477,477,291,7,23,
15/01/13 12:00,R,-1,0,NA,-1,NA,1077,0,NA,1077,NA,335,7,22,
16/01/13 12:00,TSW,1702,0,NA,1702,NA,1169,1,NA,1169,1169,244,10,21,
17/01/13 12:00,SW,1856,0,NA,1856,NA,1520,0,NA,1520,NA,251,8,21,
18/01/13 12:00,T,1954,0,NA,1954,NA,1144,0,NA,1144,NA,231,11,20,
19/01/13 12:00,T,1339,1,NA,1339,1339,1354,1,NA,1354,1354,238,10,21,
20/01/13 12:00,SW,-1,0,NA,-1,NA,501,1,NA,501,501,213,8,21,
21/01/13 12:00,T,1047,1,NA,1047,1047,238,"""UPDATE""",980,980,980,218,6,21,
22/01/13 12:00,T,816,1,NA,816,816,984,1,NA,984,984,48,8,24,
23/01/13 12:00,TSW,1466,0,NA,1466,NA,857,0,NA,857,NA,51,7,24,
24/01/13 12:00,R,1884,0,NA,1884,NA,287,1,NA,287,287,238,2,25,
25/01/13 12:00,R,231,UPDATE,1790,1790,1790,1763,1,NA,1763,1763,65,5,26,
26/01/13 12:00,TSW,1585,0,NA,1585,NA,833,0,NA,833,NA,54,5,22,
27/01/13 12:00,SW,1944,1,NA,1944,1944,1189,0,NA,1189,NA,85,5,23,
28/01/13 12:00,,-1,0,NA,-1,NA,1686,0,NA,1686,NA,47,7,23,
29/01/13 12:00,T,882,1,NA,882,882,895,1,NA,895,895,37,5,23,
30/01/13 12:00,HSE,1375,1,NA,1375,1375,312,"""UPDATE""",1400,1400,1400,48,7,23,
31/01/13 12:00,T,1426,1,NA,1426,1426,1422,1,NA,1422,1422,40,6,24,
1/02/13 12:00,NE,1610,1,NA,1610,1610,1558,1,NA,1558,1558,66,6,24,
2/02/13 12:00,NE,1273,1,NA,1273,1273,1247,1,NA,1247,1247,48,8,25,
3/02/13 12:00,TNW,1604,0,NA,1604,NA,867,1,NA,867,867,43,6,24,
4/02/13 12:00,SW,-1,0,NA,-1,NA,297,1,NA,297,297,28,10,22,
5/02/13 12:00,HW,1429,0,NA,1429,NA,341,0,NA,341,NA,233,13,20,
6/02/13 12:00,HSE,641,UPDATE,1480,1480,1480,1943,"""UPDATE""",1420,1420,1420,155,4,20,
7/02/13 12:00,HSE,1854,1,NA,1854,1854,1331,"""UPDATE""",1780,1780,1780,232,2,22,
8/02/13 12:00,H,2108,0,NA,2108,NA,1634,0,NA,1634,NA,246,4,24,
9/02/13 12:00,HE,76,UPDATE,NA,76,NA,1157,1,NA,1157,1157,219,6,22,
10/02/13 12:00,HSE,1227,1,NA,1227,1227,1247,1,NA,1247,1247,234,6,22,
11/02/13 12:00,NE,1368,1,NA,1368,1368,1578,1,NA,1578,1578,241,4,24,
12/02/13 12:00,NE,1691,0,NA,1691,NA,1534,0,NA,1534,NA,236,5,24,
13/02/13 12:00,TNW,1839,0,NA,1839,NA,672,0,NA,672,NA,238,5,22,
14/02/13 12:00,SW,1497,1,NA,1497,1497,1427,1,NA,1427,1427,220,9,21,
15/02/13 12:00,HW,1642,1,NA,1642,1642,1125,"""UPDATE""",1500,1500,1500,239,8,22,
16/02/13 12:00,HSE,1335,UPDATE,1200,1200,1200,1130,1,NA,1130,1130,218,8,22,
17/02/13 12:00,HSE,1267,1,NA,1267,1267,1252,1,NA,1252,1252,216,5,22,
18/02/13 12:00,H,1725,0,NA,1725,NA,1101,0,NA,1101,NA,34,5,24,
19/02/13 12:00,HE,1585,0,NA,1585,NA,1047,0,NA,1047,NA,182,2,24,
20/02/13 12:00,HSE,1763,1,NA,1763,1763,1909,1,NA,1909,1909,61,4,24,
21/02/13 12:00,NE,1663,1,NA,1663,1663,925,0,NA,925,NA,234,7,23,
22/02/13 12:00,NE,603,0,NA,603,NA,1349,0,NA,1349,NA,46,3,25,
23/02/13 12:00,TNW,1875,0,NA,1875,NA,1344,0,NA,1344,NA,179,3,24,
24/02/13 12:00,SW,828,0,NA,828,NA,1568,1,NA,1568,1568,232,4,24,
25/02/13 12:00,HW,1399,0,NA,1399,NA,1476,0,NA,1476,NA,116,3,24,
26/02/13 12:00,HSE,1543,1,NA,1543,1543,1554,1,NA,1554,1554,200,4,24,
27/02/13 12:00,HSE,1807,1,NA,1807,1807,1817,1,NA,1817,NA,-,-,-,
28/02/13 12:00,H,1889,0,NA,1889,NA,1252,1,NA,1252,1252,198,2,23,
1/03/13 12:00,R,1204,1,NA,1204,1204,1125,1,NA,1125,1125,222,9,21,
2/03/13 12:00,SW,1104,1,NA,1104,1104,1027,1,NA,1027,1027,238,7,23,
3/03/13 12:00,SW,-1,0,NA,-1,NA,1144,1,NA,1144,1144,256,3,23,
4/03/13 12:00,SW,1180,UPDATE,200,200,200,248,1,NA,248,248,229,8,22,
5/03/13 12:00,HNW,112,1,NA,112,112,224,1,NA,224,224,172,3,23,
6/03/13 12:00,HW,-1,0,NA,-1,NA,1305,1,NA,1305,1305,222,5,21,
7/03/13 12:00,HSE,1632,1,NA,1632,1632,1710,0,NA,1710,NA,309,3,25,
8/03/13 12:00,HSE,1829,0,NA,1829,NA,1300,0,NA,1300,NA,245,4,25,
9/03/13 12:00,HSE,764,1,NA,764,764,"""NA""",0,NA,"""NA""",NA,106,4,25,
10/03/13 12:00,HSE,997,UPDATE,1390,1390,1390,1344,1,NA,1344,1344,195,2,25,
11/03/13 12:00,R,684,1,NA,684,684,"""NA""",0,NA,"""NA""",NA,244,5,24,
12/03/13 12:00,SW,845,1,NA,845,845,"""NA""",0,NA,"""NA""",NA,245,3,25,
13/03/13 12:00,SW,506,1,NA,506,506,"""NA""",0,NA,"""NA""",NA,228,2,25,
14/03/13 12:00,SW,1809,1,NA,1809,1809,628,0,NA,628,NA,31,3,24,
15/03/13 12:00,HNW,1270,1,NA,1270,1270,"""NA""",0,NA,"""NA""",NA,50,5,23,
16/03/13 12:00,HW,1545,1,NA,1545,1545,355,0,NA,355,NA,56,5,22,
17/03/13 12:00,HSE,-1,0,NA,-1,NA,219,1,NA,219,219,37,9,21,
18/03/13 12:00,HSE,1912,0,NA,1912,NA,789,1,NA,789,789,277,8,24,
19/03/13 12:00,HSE,1570,0,NA,1570,NA,228,0,NA,228,NA,244,12,19,
20/03/13 12:00,H,-1,0,NA,-1,NA,1281,0,NA,1281,NA,153,2,21,
21/03/13 12:00,R,2427,0,NA,2427,NA,"""NA""",0,NA,"""NA""",NA,238,3,20,
22/03/13 12:00,SW,915,0,NA,915,NA,2202,0,NA,2202,NA,50,4,22,
23/03/13 12:00,SW,-1,0,NA,-1,NA,2153,"""UPDATE""",1600,1600,1600,238,2,22,
24/03/13 12:00,SW,1106,1,NA,1106,1106,1076,1,NA,1076,1076,45,5,22,
25/03/13 12:00,HNW,1268,1,NA,1268,1268,"""NA""","""UPDATE""",1250,1250,1250,45,5,23,
26/03/13 12:00,HW,2116,0,NA,2116,NA,"""NA""",0,NA,"""NA""",NA,241,4,23,
27/03/13 12:00,HSE,-1,0,NA,-1,NA,959,1,NA,959,959,241,3,24,
28/03/13 12:00,HSE,-1,0,NA,-1,NA,1052,1,NA,1052,1052,245,3,24,
29/03/13 12:00,HSE,76,0,NA,76,NA,1651,"""UPDATE""",1270,1270,1270,46,6,22,
30/03/13 12:00,TNW,2108,0,NA,2108,NA,701,1,NA,701,701,45,4,21,
31/03/13 12:00,R,-1,0,NA,-1,NA,448,1,NA,448,448,16,4,24,
1/04/13 12:00,R,1800,0,NA,1800,NA,1427,"""UPDATE""",850,850,850,233,5,23,
2/04/13 12:00,TNW,1993,1,NA,1993,1993,380,0,NA,380,NA,231,2,24,
3/04/13 12:00,SW,1643,0,NA,1643,NA,891,0,NA,891,NA,302,2,23,
4/04/13 12:00,HSE,771,0,NA,771,NA,380,1,NA,380,380,199,4,19,
5/04/13 12:00,HSE,-1,0,NA,-1,NA,1295,0,NA,1295,NA,215,3,20,
6/04/13 12:00,HSE,-1,0,NA,-1,NA,1154,1,NA,1154,1154,167,3,18,
7/04/13 12:00,H,-1,0,NA,-1,NA,1895,0,NA,1895,NA,168,4,16,
8/04/13 12:00,H,940,UPDATE,1500,1500,1500,1466,1,NA,1466,1466,219,2,19,
9/04/13 12:00,H,-1,0,NA,-1,NA,1237,0,NA,1237,NA,275,2,20,
10/04/13 12:00,H,-1,0,NA,-1,NA,"""NA""",0,NA,"""NA""",NA,252,3,20,
11/04/13 12:00,R,2059,0,NA,2059,NA,"""NA""",0,NA,"""NA""",NA,293,3,21,
12/04/13 12:00,TNW,1827,0,NA,1827,NA,1330,0,NA,1330,NA,235,5,21,
13/04/13 12:00,SW,1144,1,NA,1144,1144,1164,1,NA,1164,1164,238,1,20,
14/04/13 12:00,HSE,76,UPDATE,600,600,600,842,1,NA,842,842,44,2,21,
15/04/13 12:00,HSE,789,0,NA,789,NA,297,"""UPDATE""",700,700,700,62,6,18,
16/04/13 12:00,HSE,1235,0,NA,1235,NA,428,1,NA,428,428,44,11,19,
17/04/13 12:00,,-1,0,NA,-1,NA,613,1,NA,613,613,270,9,17,
18/04/13 12:00,H,1541,1,NA,1541,1541,1339,0,NA,1339,NA,239,7,21,
19/04/13 12:00,H,2001,0,NA,2001,NA,725,1,NA,725,725,24,4,19,
20/04/13 12:00,NE,-1,0,NA,-1,NA,1076,0,NA,1076,NA,20,4,22,
21/04/13 12:00,R,-1,0,NA,-1,NA,438,1,NA,438,438,26,6,20,
22/04/13 12:00,TNW,-1,0,NA,-1,NA,238,0,NA,238,NA,279,4,19,
23/04/13 12:00,SW,-1,0,NA,-1,NA,1227,0,NA,1227,NA,272,5,20,
24/04/13 12:00,HSE,2392,UPDATE,480,480,480,472,1,NA,472,472,272,3,15,
25/04/13 12:00,HSE,-1,0,NA,-1,NA,1217,1,NA,1217,1217,270,8,20,
26/04/13 12:00,HSE,1606,1,NA,1606,1606,1256,0,NA,1256,NA,242,9,19,
27/04/13 12:00,H,-1,0,NA,-1,NA,321,"""UPDATE""",800,800,800,257,8,19,
28/04/13 12:00,H,1151,1,NA,1151,1151,1110,1,NA,1110,1110,242,8,19,
29/04/13 12:00,H,1307,0,NA,1307,NA,988,1,NA,988,988,246,6,20,
30/04/13 12:00,H,1450,0,NA,1450,NA,911,1,NA,911,911,237,7,20,
1/05/13 12:00,HSE,701,1,NA,701,701,633,1,NA,633,633,194,3,19,
2/05/13 12:00,R,2302,0,NA,2302,NA,750,1,NA,750,750,30,5,20,
3/05/13 12:00,R,1561,0,NA,1561,NA,599,1,NA,599,599,46,5,19,
4/05/13 12:00,TSW,-1,0,NA,-1,NA,73,0,NA,73,NA,55,5,14,
5/05/13 12:00,TSW,1235,0,NA,1235,NA,779,0,NA,779,NA,349,4,17,
6/05/13 12:00,SW,-1,0,NA,-1,NA,462,1,NA,462,462,348,6,12,
7/05/13 12:00,H,965,1,NA,965,965,"""NA""",0,NA,"""NA""",NA,154,2,18,
8/05/13 12:00,H,-1,0,NA,-1,NA,462,0,NA,462,NA,79,3,14,
9/05/13 12:00,HNW,169,0,NA,169,NA,433,1,NA,433,433,69,1,14,
10/05/13 12:00,HW,1576,0,NA,1576,NA,77,0,NA,77,NA,39,6,15,
11/05/13 12:00,HSE,786,0,NA,786,NA,"""NA""",0,NA,"""NA""",NA,163,3,14,
12/05/13 12:00,R,1083,0,NA,1083,NA,"""NA""",0,NA,"""NA""",NA,212,3,16,
13/05/13 12:00,R,235,1,NA,235,235,360,1,NA,360,360,281,2,17,
14/05/13 12:00,TSW,110,1,NA,110,110,116,1,NA,116,116,251,2,17,
15/05/13 12:00,TSW,170,1,NA,170,170,175,1,NA,175,175,212,3,16,
16/05/13 12:00,SW,1295,0,NA,1295,NA,1023,"""UPDATE""",700,700,700,47,5,19,
17/05/13 12:00,H,-1,0,NA,-1,NA,443,1,NA,443,443,43,7,16,
18/05/13 12:00,H,633,1,NA,633,633,959,"""UPDATE""",680,680,680,271,4,19,
19/05/13 12:00,HNW,35,0,NA,35,NA,1091,1,NA,1091,1091,301,7,17,
20/05/13 12:00,TSW,-1,0,NA,-1,NA,555,0,NA,555,NA,273,1,18,
21/05/13 12:00,HSE,2291,0,NA,2291,NA,"""NA""",0,NA,"""NA""",NA,31,4,18,
22/05/13 12:00,R,34,0,NA,34,NA,857,0,NA,857,NA,21,3,15,
23/05/13 12:00,R,206,0,NA,206,NA,998,0,NA,998,NA,258,8,16,
24/05/13 12:00,TSW,1728,0,NA,1728,NA,988,1,NA,988,988,261,1,17,
25/05/13 12:00,TSW,118,0,NA,118,NA,881,1,NA,881,881,58,3,15,
26/05/13 12:00,SW,972,1,NA,972,972,1052,1,NA,1052,1052,233,6,17,
27/05/13 12:00,H,1564,0,NA,1564,NA,1178,1,NA,1178,1178,255,7,17,
28/05/13 12:00,H,-1,0,NA,-1,NA,876,0,NA,876,NA,159,5,7,
29/05/13 12:00,HNW,-1,0,NA,-1,NA,769,0,NA,769,NA,188,2,13,
30/05/13 12:00,H,-1,0,NA,-1,NA,1291,0,NA,1291,NA,285,3,15,
31/05/13 12:00,HSE,1506,1,NA,1506,1506,1320,1,NA,1320,1320,275,2,14,
1/06/13 12:00,W,1245,1,NA,1245,1245,1222,1,NA,1222,1222,255,5,16,
2/06/13 12:00,TSW,930,1,NA,930,930,1081,1,NA,1081,1081,263,2,16,
3/06/13 12:00,TSW,93,UPDATE,1350,1350,1350,1373,1,NA,1373,1373,96,1,14,
4/06/13 12:00,TSW,-1,0,NA,-1,NA,560,1,NA,560,560,61,7,13,
5/06/13 12:00,HW,933,1,NA,933,933,667,0,NA,667,NA,134,5,15,
6/06/13 12:00,H,986,0,NA,986,NA,"""NA""",0,NA,"""NA""",NA,165,4,14,
7/06/13 12:00,HE,-1,0,NA,-1,NA,852,0,NA,852,NA,253,1,14,
8/06/13 12:00,HE,2148,0,NA,2148,NA,677,0,NA,677,NA,48,6,16,
9/06/13 12:00,HSE,-1,0,NA,-1,NA,409,1,NA,409,409,38,1,12,
10/06/13 12:00,HSE,797,1,NA,797,797,"""NA""",0,NA,"""NA""",NA,214,2,12,
11/06/13 12:00,W,1724,UPDATE,700,700,700,638,1,NA,638,638,222,4,15,
12/06/13 12:00,TSW,1464,0,NA,1464,NA,813,1,NA,813,813,212,5,15,
13/06/13 12:00,TSW,996,1,NA,996,996,954,1,NA,954,954,213,5,15,
14/06/13 12:00,TSW,-1,0,NA,-1,NA,521,0,NA,521,NA,241,2,13,
15/06/13 12:00,HW,1512,0,NA,1512,NA,555,1,NA,555,555,57,5,14,
16/06/13 12:00,H,68,0,NA,68,NA,462,1,NA,462,462,44,9,14,
17/06/13 12:00,HE,35,0,NA,35,NA,803,0,NA,803,NA,353,4,17,
18/06/13 12:00,HE,-1,0,NA,-1,NA,209,0,NA,209,NA,16,3,18,
19/06/13 12:00,HSE,2332,0,NA,2332,NA,1544,0,NA,1544,NA,333,3,12,
20/06/13 12:00,TSW,-1,0,NA,-1,NA,750,0,NA,750,NA,280,7,10,
21/06/13 12:00,W,1634,0,NA,1634,NA,1393,0,NA,1393,NA,214,7,13,
22/06/13 12:00,TSW,1415,0,NA,1415,NA,297,0,NA,297,NA,232,9,13,
23/06/13 12:00,TSW,-1,0,NA,-1,NA,867,0,NA,867,NA,239,7,9,
24/06/13 12:00,TSW,-1,0,NA,-1,NA,643,0,NA,643,NA,273,2,12,
25/06/13 12:00,HW,1526,1,NA,1526,1526,1154,0,NA,1154,NA,244,4,15,
26/06/13 12:00,H,183,0,NA,183,NA,472,0,NA,472,NA,18,1,13,
27/06/13 12:00,HE,1766,0,NA,1766,NA,852,1,NA,852,852,129,4,11,
28/06/13 12:00,HE,1124,1,NA,1124,1124,1646,0,NA,1646,NA,151,2,12,
29/06/13 12:00,HSE,264,0,NA,264,NA,"""NA""",0,NA,"""NA""",NA,255,1,12,
30/06/13 12:00,HNW,-1,0,NA,-1,NA,721,0,NA,721,NA,278,1,12,
1/07/13 12:00,W,1573,UPDATE,1200,1200,1200,1325,1,NA,1325,1325,239,7,15,
2/07/13 12:00,W,299,UPDATE,1400,1400,1400,1417,1,NA,1417,1417,330,3,15,
3/07/13 12:00,HNW,117,0,NA,117,NA,691,0,NA,691,NA,52,3,13,
4/07/13 12:00,W,169,0,NA,169,NA,526,1,NA,526,526,170,3,15,
5/07/13 12:00,W,912,1,NA,912,912,833,1,NA,833,833,217,2,15,
6/07/13 12:00,T,975,1,NA,975,975,1130,1,NA,1130,1130,318,4,16,
7/07/13 12:00,HNW,76,0,NA,76,NA,1052,1,NA,1052,1052,273,6,16,
8/07/13 12:00,HNW,-1,0,NA,-1,NA,1471,0,NA,1471,NA,233,7,14,
9/07/13 12:00,H,-1,0,NA,-1,NA,1378,0,NA,1378,NA,286,4,12,
10/07/13 12:00,H,-1,0,NA,-1,NA,1096,0,NA,1096,NA,243,7,12,
11/07/13 12:00,W,388,0,NA,388,NA,1578,0,NA,1578,NA,144,4,9,
12/07/13 12:00,W,-1,0,NA,-1,NA,"""NA""",0,NA,"""NA""",NA,51,1,13,
13/07/13 12:00,HNW,-1,0,NA,-1,NA,"""NA""",0,NA,"""NA""",NA,232,2,13,
14/07/13 12:00,W,1715,0,NA,1715,NA,"""NA""",0,NA,"""NA""",NA,225,12,14,
15/07/13 12:00,W,142,0,NA,142,NA,"""NA""",1,NA,"""NA""",NA,193,6,10,
16/07/13 12:00,T,1237,1,NA,1237,1237,"""NA""",0,NA,"""NA""",NA,202,5,13,
17/07/13 12:00,HNW,1452,1,NA,1452,1452,1252,0,NA,1252,NA,230,5,14,
18/07/13 12:00,HNW,1493,1,NA,1493,1493,1383,0,NA,1383,NA,240,6,14,
19/07/13 12:00,H,1668,1,NA,1668,1668,1515,1,NA,1515,1515,257,4,14,
20/07/13 12:00,H,-1,0,NA,-1,NA,1446,0,NA,1446,NA,257,1,16,
21/07/13 12:00,W,1329,0,NA,1329,NA,560,1,NA,560,560,144,3,13,
22/07/13 12:00,W,215,1,NA,215,215,160,1,NA,160,160,251,1,11,
23/07/13 12:00,HNW,1048,1,NA,1048,1048,"""NA""",0,NA,"""NA""",NA,29,2,15,
24/07/13 12:00,W,-1,0,NA,-1,NA,321,1,NA,321,321,343,3,13,
25/07/13 12:00,W,-1,0,NA,-1,NA,891,0,NA,891,NA,253,6,16,
26/07/13 12:00,T,1355,1,NA,1355,1355,1276,1,NA,1276,1276,240,8,14,
27/07/13 12:00,HNW,1479,1,NA,1479,1479,1456,1,NA,1456,1456,227,4,15,
28/07/13 12:00,HNW,1493,0,NA,1493,NA,1266,1,NA,1266,900,220,4,15,
29/07/13 12:00,H,67,UPDATE,1000,1000,1000,993,1,NA,993,993,205,3,15,
30/07/13 12:00,HSE,255,1,NA,255,255,292,1,NA,292,292,268,2,11,
31/07/13 12:00,W,1483,1,NA,1483,1483,1393,1,NA,1393,1393,63,5,16,
1/08/13 12:00,HSE,1408,0,NA,1408,NA,1144,1,NA,1144,1144,70,6,15,
2/08/13 12:00,R,-1,0,NA,-1,NA,613,1,NA,613,613,75,7,16,
3/08/13 12:00,TNW,-1,0,NA,-1,NA,1544,1,NA,1544,1544,161,3,17,
4/08/13 12:00,HE,-1,0,NA,-1,NA,2825,0,NA,2825,NA,241,1,15,
5/08/13 12:00,HE,785,1,NA,785,785,828,1,NA,828,828,233,6,16,
6/08/13 12:00,W,1691,0,NA,1691,NA,"""NA""",0,NA,"""NA""",NA,273,4,18,
7/08/13 12:00,W,723,1,NA,723,723,930,1,NA,930,930,347,3,17,
8/08/13 12:00,HE,168,1,NA,168,168,"""NA""","""UPDATE""",250,250,250,4,3,17,
9/08/13 12:00,NE,76,0,NA,76,NA,"""NA""",0,NA,"""NA""",NA,68,5,17,
10/08/13 12:00,TSW,2434,0,NA,2434,NA,306,1,NA,306,306,153,3,12,
11/08/13 12:00,HSE,-1,0,NA,-1,NA,789,1,NA,789,789,248,13,14,
12/08/13 12:00,R,-1,0,NA,-1,NA,1091,0,NA,1091,NA,242,10,12,
13/08/13 12:00,TNW,-1,0,NA,-1,NA,1481,0,NA,1481,NA,266,7,17,
14/08/13 12:00,HE,1847,0,NA,1847,NA,1213,0,NA,1213,NA,230,8,15,
15/08/13 12:00,HE,1590,1,NA,1590,1590,1461,1,NA,1461,1461,0,0,16,
16/08/13 12:00,W,1430,0,NA,1430,NA,1169,1,NA,1169,1169,34,9,15,
17/08/13 12:00,W,2185,0,NA,2185,NA,1144,0,NA,1144,NA,24,5,16,
18/08/13 12:00,HE,-1,0,NA,-1,NA,2192,0,NA,2192,NA,218,4,16,
19/08/13 12:00,NE,227,0,NA,227,NA,1349,0,NA,1349,NA,247,2,13,
20/08/13 12:00,TNW,-1,0,NA,-1,NA,1495,0,NA,1495,NA,59,5,15,
21/08/13 12:00,HSE,-1,0,NA,-1,NA,570,1,NA,570,570,51,7,13,
22/08/13 12:00,R,-1,0,NA,-1,NA,"""NA""",0,NA,"""NA""",NA,255,1,18,
23/08/13 12:00,TNW,-1,0,NA,-1,NA,336,0,NA,336,NA,304,2,11,
24/08/13 12:00,HE,-1,0,NA,-1,NA,"""NA""",0,NA,"""NA""",NA,30,4,15,
25/08/13 12:00,HE,2076,0,NA,2076,NA,560,1,NA,560,560,323,2,16,
26/08/13 12:00,W,1929,0,NA,1929,NA,282,1,NA,282,282,267,3,15,
27/08/13 12:00,W,2346,0,NA,2346,NA,1062,1,NA,1062,1062,246,7,16,
28/08/13 12:00,HE,2258,0,NA,2258,NA,1442,0,NA,1442,NA,294,4,17,
29/08/13 12:00,NE,1376,0,NA,1376,NA,1125,0,NA,1125,NA,248,6,14,
30/08/13 12:00,HSE,986,1,NA,986,986,906,1,NA,906,906,146,4,10,
31/08/13 12:00,HSE,2366,UPDATE,1500,1500,1500,"""NA""","""UPDATE""",1450,1450,1450,120,4,14,
1/09/13 12:00,HSE,2003,0,NA,2003,NA,1315,1,NA,1315,1315,128,4,15,
2/09/13 12:00,H,-1,0,NA,-1,NA,"""NA""",0,NA,"""NA""",NA,246,3,15,
3/09/13 12:00,H,1882,0,NA,1882,NA,"""NA""",0,NA,"""NA""",NA,251,3,16,
4/09/13 12:00,HW,1893,0,NA,1893,NA,1242,0,NA,1242,NA,287,7,15,
5/09/13 12:00,HW,-1,0,NA,-1,NA,1110,0,NA,1110,NA,148,6,14,
6/09/13 12:00,W,1454,0,NA,1454,NA,"""NA""",0,NA,"""NA""",NA,179,3,13,
7/09/13 12:00,W,1396,0,NA,1396,NA,808,1,NA,808,808,243,7,14,
8/09/13 12:00,SW,1149,1,NA,1149,1149,1115,1,NA,1115,1115,242,10,16,
9/09/13 12:00,W,2179,0,NA,2179,NA,1271,1,NA,1271,1271,240,11,15,
10/09/13 12:00,T,1674,UPDATE,950,950,950,1456,"""UPDATE""",1000,1000,1000,261,5,17,
11/09/13 12:00,HSE,-1,0,NA,-1,NA,1364,"""UPDATE""",1000,1000,1000,314,7,18,
12/09/13 12:00,H,-1,0,NA,-1,NA,462,1,NA,462,462,332,3,16,
13/09/13 12:00,H,76,0,NA,76,NA,1388,"""UPDATE""",1000,1000,1000,234,6,17,
14/09/13 12:00,HW,1980,UPDATE,1600,1600,1600,1554,1,NA,1554,1554,233,13,14,
15/09/13 12:00,HW,1930,0,NA,1930,NA,1364,1,NA,1364,1364,236,8,14,
16/09/13 12:00,W,1460,0,NA,1460,NA,813,0,NA,813,NA,52,5,16,
17/09/13 12:00,W,2130,0,NA,2130,NA,1062,1,NA,1062,1062,143,5,15,
18/09/13 12:00,SW,890,1,NA,890,890,"""NA""",0,NA,"""NA""",NA,43,4,14,
19/09/13 12:00,W,1706,0,NA,1706,NA,1227,0,NA,1227,NA,31,8,15,
20/09/13 12:00,TNW,-1,0,NA,-1,NA,779,0,NA,779,NA,332,5,18,
21/09/13 12:00,HSE,1321,0,NA,1321,NA,302,1,NA,302,302,22,9,17,
22/09/13 12:00,H,-1,0,NA,-1,NA,1120,1,NA,1120,1120,314,6,18,
23/09/13 12:00,H,1642,0,NA,1642,NA,1393,"""UPDATE""",850,850,850,286,5,20,
24/09/13 12:00,HW,481,1,NA,481,481,521,1,NA,521,521,136,5,14,
25/09/13 12:00,HW,1614,0,NA,1614,NA,302,1,NA,302,302,34,10,16,
26/09/13 12:00,W,1170,1,NA,1170,1170,959,1,NA,959,959,244,13,17,
27/09/13 12:00,W,1282,1,NA,1282,1282,1334,1,NA,1334,1334,238,7,19,
28/09/13 12:00,SW,1800,UPDATE,700,700,700,292,0,NA,292,NA,261,13,16,
29/09/13 12:00,W,1687,1,NA,1687,1687,1714,0,NA,1714,NA,276,7,18,
30/09/13 12:00,W,-1,0,NA,-1,NA,350,0,NA,350,NA,267,9,14,
1/10/13 12:00,W,1083,1,NA,1083,1083,959,1,NA,959,959,223,10,17,
2/10/13 12:00,HE,623,1,NA,623,623,862,1,NA,862,862,195,3,17,
3/10/13 12:00,TNW,971,1,NA,971,971,1071,1,NA,1071,1071,227,4,18,
4/10/13 12:00,NE,1183,0,NA,1183,NA,857,1,NA,857,857,230,4,19,
5/10/13 12:00,TNW,1570,0,NA,1570,NA,915,1,NA,915,915,235,4,19,
6/10/13 12:00,T,1380,1,NA,1380,1380,1943,0,NA,1943,NA,277,2,19,
7/10/13 12:00,TSW,1403,1,NA,1403,1403,1461,1,NA,1461,1461,240,7,18,
8/10/13 12:00,TSW,1364,0,NA,1364,NA,477,1,NA,477,477,31,8,18,
9/10/13 12:00,T,1039,1,NA,1039,1039,1383,0,NA,1383,NA,258,14,16,
10/10/13 12:00,T,2331,UPDATE,1400,1400,1400,"""NA""",0,NA,"""NA""",NA,231,8,16,
11/10/13 12:00,W,1451,0,NA,1451,NA,531,1,NA,531,531,296,7,17,
12/10/13 12:00,HE,1311,0,NA,1311,NA,331,0,NA,331,NA,251,13,17,
13/10/13 12:00,TNW,1052,1,NA,1052,1052,492,"""UPDATE""",1150,1150,1150,246,12,18,
14/10/13 12:00,NE,1309,1,NA,1309,1309,204,"""UPDATE""",1000,1000,1000,332,5,18,
15/10/13 12:00,TNW,1616,0,NA,1616,NA,68,0,NA,68,NA,237,19,15,
16/10/13 12:00,T,-1,UPDATE,1460,1460,1460,1710,"""UPDATE""",1400,1400,1400,260,9,18,
17/10/13 12:00,TSW,-1,0,NA,-1,NA,1286,1,NA,1286,1286,240,11,18,
18/10/13 12:00,TSW,860,UPDATE,1400,1400,1400,1315,1,NA,1315,1315,239,8,19,
19/10/13 12:00,T,-1,0,NA,-1,NA,1047,1,NA,1047,1047,221,7,18,
20/10/13 12:00,H,1001,1,NA,1001,1001,876,1,NA,876,876,212,5,17,
21/10/13 12:00,W,1047,1,NA,1047,1047,1120,1,NA,1120,1120,241,6,17,
22/10/13 12:00,HE,819,0,NA,819,NA,1071,1,NA,1071,1071,261,7,20,
23/10/13 12:00,TNW,2044,0,NA,2044,NA,214,1,NA,214,214,277,6,18,
24/10/13 12:00,NE,1357,1,NA,1357,1357,1208,1,NA,1208,1208,288,8,19,
25/10/13 12:00,TNW,1385,1,NA,1385,1385,1105,1,NA,1105,1105,301,10,22,
26/10/13 12:00,T,1192,1,NA,1192,1192,"""NA""",0,NA,"""NA""",NA,234,6,19,
27/10/13 12:00,TSW,-1,0,NA,-1,NA,1042,1,NA,1042,1042,275,8,18,
28/10/13 12:00,TSW,1846,0,NA,1846,NA,1217,0,NA,1217,NA,239,8,18,
29/10/13 12:00,T,2408,UPDATE,1550,1550,1550,1481,1,NA,1481,1481,239,6,17,
30/10/13 12:00,W,1544,1,NA,1544,1544,1627,"""UPDATE""",1450,1450,1450,227,6,17,
31/10/13 12:00,W,985,0,NA,985,NA,1252,0,NA,1252,NA,4,5,20,
1/11/13 12:00,T,2062,0,NA,2062,NA,1461,1,NA,1461,1461,233,9,18,
2/11/13 12:00,T,1778,0,NA,1778,NA,1247,0,NA,1247,NA,223,9,16,
3/11/13 12:00,TSW,-1,0,NA,-1,NA,116,0,NA,116,NA,234,5,17,
4/11/13 12:00,R,1501,UPDATE,1400,1400,1400,1349,1,NA,1349,1349,248,2,20,
5/11/13 12:00,R,-1,0,NA,-1,NA,238,0,NA,238,NA,43,8,17,
6/11/13 12:00,TSW,-1,0,NA,-1,NA,1797,0,NA,1797,NA,244,3,20,
7/11/13 12:00,SW,687,0,NA,687,NA,599,0,NA,599,NA,201,3,17,
8/11/13 12:00,T,-1,0,NA,-1,NA,316,0,NA,316,NA,236,5,18,
9/11/13 12:00,T,1009,1,NA,1009,1009,906,1,NA,906,906,245,7,19,
10/11/13 12:00,W,983,1,NA,983,983,808,1,NA,808,808,225,7,18,
11/11/13 12:00,T,1229,UPDATE,400,400,400,565,1,NA,565,565,214,9,19,
12/11/13 12:00,T,-1,0,NA,-1,NA,1174,1,NA,1174,1174,118,4,19,
13/11/13 12:00,TSW,840,UPDATE,1450,1450,1450,"""NA""",0,NA,"""NA""",NA,164,3,19,
14/11/13 12:00,R,1714,0,NA,1714,NA,1101,0,NA,1101,NA,230,4,19,
15/11/13 12:00,R,1414,1,NA,1414,1414,1227,1,NA,1227,1227,231,5,20,
16/11/13 12:00,TSW,899,1,NA,899,899,1081,1,NA,1081,1081,233,6,20,
17/11/13 12:00,SW,1740,1,NA,1740,1740,1383,0,NA,1383,NA,240,4,21,
18/11/13 12:00,T,1881,1,NA,1881,1881,1636,1,NA,1636,1636,239,5,22,
19/11/13 12:00,T,860,1,NA,860,860,1432,0,NA,1432,NA,46,4,22,
20/11/13 12:00,SW,-1,0,NA,-1,NA,901,0,NA,901,NA,45,7,22,
21/11/13 12:00,T,-1,0,NA,-1,NA,1256,0,NA,1256,NA,43,6,22,
22/11/13 12:00,T,900,1,NA,900,900,1154,0,NA,1154,NA,254,4,25,
23/11/13 12:00,TSW,60,0,NA,60,NA,1451,0,NA,1451,NA,251,6,25,
24/11/13 12:00,R,686,1,NA,686,686,876,1,NA,876,876,217,4,23,
25/11/13 12:00,R,-1,UPDATE,1700,1700,1700,1588,1,NA,1588,1588,227,4,23,
26/11/13 12:00,TSW,2296,0,NA,2296,NA,1256,0,NA,1256,NA,329,4,24,
27/11/13 12:00,SW,-1,0,NA,-1,NA,847,0,NA,847,NA,47,6,23,
28/11/13 12:00,T,2224,UPDATE,1300,1300,1300,1227,1,NA,1227,1227,285,9,22,
29/11/13 12:00,T,-1,0,NA,-1,NA,1149,1,NA,1149,1149,244,11,21,
30/11/13 12:00,HSE,78,0,NA,78,NA,1266,1,NA,1266,1266,302,11,23,
1/12/13 12:00,NE,1386,1,NA,1386,1386,1334,1,NA,1334,1334,215,7,18,
2/12/13 12:00,NE,1216,1,NA,1216,1216,1359,1,NA,1359,1359,247,4,22,
3/12/13 12:00,TNW,1019,1,NA,1019,1019,526,0,NA,526,NA,64,6,20,
4/12/13 12:00,SW,1496,0,NA,1496,NA,350,1,NA,350,350,40,9,19,
5/12/13 12:00,HW,-1,0,NA,-1,NA,258,1,NA,258,258,34,6,20,
6/12/13 12:00,HSE,1626,1,NA,1626,1626,1412,1,NA,1412,1412,-,-,-,
7/12/13 12:00,HSE,1464,0,NA,1464,NA,906,0,NA,906,NA,301,4,20,
8/12/13 12:00,H,-1,0,NA,-1,NA,618,0,NA,618,NA,-,-,-,
9/12/13 12:00,HE,2205,0,NA,2205,NA,1646,0,NA,1646,NA,227,9,21,
10/12/13 12:00,HSE,1479,1,NA,1479,1479,1334,1,NA,1334,1334,232,6,20,
11/12/13 12:00,NE,1217,1,NA,1217,1217,1057,1,NA,1057,1057,218,5,19,
12/12/13 12:00,NE,949,1,NA,949,949,"""NA""",0,NA,"""NA""",NA,219,3,23,
13/12/13 12:00,TNW,1164,1,NA,1164,1164,1110,1,NA,1110,1110,226,3,24,
14/12/13 12:00,SW,1176,0,NA,1176,NA,"""NA""",0,NA,"""NA""",NA,18,3,25,
15/12/13 12:00,HW,1522,0,NA,1522,NA,1091,0,NA,1091,NA,244,5,25,
16/12/13 12:00,HSE,-1,UPDATE,1450,1450,1450,1554,1,NA,1554,1554,232,4,25,
17/12/13 12:00,HSE,-1,0,NA,-1,NA,1368,0,NA,1368,NA,219,8,22,
18/12/13 12:00,H,2065,0,NA,2065,NA,1466,0,NA,1466,NA,238,9,21,
19/12/13 12:00,HE,2023,0,NA,2023,NA,1198,1,NA,1198,1198,217,10,20,
20/12/13 12:00,HSE,729,UPDATE,1380,1380,1380,1500,1,NA,1500,1500,196,4,22,
21/12/13 12:00,NE,1266,1,NA,1266,1266,1256,1,NA,1256,1256,235,9,20,
22/12/13 12:00,NE,1182,1,NA,1182,1182,1096,1,NA,1096,1096,204,8,20,
23/12/13 12:00,TNW,1374,1,NA,1374,1374,1442,1,NA,1442,1442,233,6,21,
24/12/13 12:00,SW,1139,1,NA,1139,1139,1174,1,NA,1174,1174,262,5,21,
25/12/13 12:00,HW,1570,UPDATE,1100,1100,1100,1632,"""UPDATE""",980,980,980,243,9,20,
26/12/13 12:00,HSE,145,0,NA,145,NA,1174,0,NA,1174,NA,241,8,20,
27/12/13 12:00,HSE,1637,0,NA,1637,NA,1295,1,NA,1295,1295,233,6,22,
28/12/13 12:00,H,-1,0,NA,-1,NA,565,1,NA,565,565,46,5,21,
29/12/13 12:00,HE,-1,0,NA,-1,NA,443,1,NA,443,443,23,7,23,
30/12/13 12:00,T,2357,0,NA,2357,NA,657,1,NA,657,657,286,7,23,
31/12/13 12:00,NE,1220,0,NA,1220,NA,1646,1,NA,1646,1646,237,8,21,
1/01/14 12:00,TNW,127,0,NA,127,NA,740,0,NA,740,NA,18,3,21,
2/01/14 12:00,T,1510,UPDATE,780,780,780,"""NA""",0,NA,"""NA""",NA,234,4,23,
3/01/14 12:00,T,1794,0,NA,1794,NA,1159,1,NA,1159,1159,302,8,24,
4/01/14 12:00,T,1959,0,NA,1959,NA,1442,"""UPDATE""",1000,1000,1000,272,5,27,
5/01/14 12:00,SW,1678,0,NA,1678,NA,828,1,NA,828,828,313,8,23,
6/01/14 12:00,T,1159,1,NA,1159,1159,228,"""UPDATE""",1100,1100,1100,216,8,21,
7/01/14 12:00,T,805,0,NA,805,NA,418,1,NA,418,418,24,5,23,
8/01/14 12:00,SW,1767,0,NA,1767,NA,1110,0,NA,1110,NA,249,9,23,
9/01/14 12:00,HNW,NA,0,NA,NA,NA,350,0,NA,350,NA,227,10,17,
10/01/14 12:00,HNW,1765,0,NA,1765,NA,1310,1,NA,1310,1310,229,5,21,
11/01/14 12:00,TNW,1482,1,NA,1482,1482,190,"""UPDATE""",1400,1400,1400,218,6,21,
12/01/14 12:00,T,1428,1,NA,1428,1428,1412,1,NA,1412,1412,257,6,20,
13/01/14 12:00,T,1474,0,NA,1474,NA,1047,1,NA,1047,1047,274,10,23,
14/01/14 12:00,T,1664,1,NA,1664,1664,1393,1,NA,1393,1393,220,11,20,
15/01/14 12:00,SW,1520,1,NA,1520,1520,204,"""UPDATE""",1500,1500,1500,237,5,21,
16/01/14 12:00,T,1252,1,NA,1252,1252,1003,1,NA,1003,1003,245,9,19,
17/01/14 12:00,T,916,1,NA,916,916,964,1,NA,964,964,226,12,20,
18/01/14 12:00,SW,1423,1,NA,1423,1423,1334,1,NA,1334,1334,224,6,20,
19/01/14 12:00,HNW,952,1,NA,952,952,1076,1,NA,1076,1076,236,3,24,
20/01/14 12:00,TSW,1350,0,NA,1350,NA,501,0,NA,501,NA,69,4,20,
21/01/14 12:00,TNW,NA,0,NA,NA,NA,365,1,NA,365,365,231,13,20,
22/01/14 12:00,T,1120,1,NA,1120,1120,969,1,NA,969,969,282,6,23,
23/01/14 12:00,T,1800,1,NA,1800,1800,1627,1,NA,1627,1627,242,12,21,
24/01/14 12:00,T,1509,1,NA,1509,1509,1066,1,NA,1066,1066,216,8,22,
25/01/14 12:00,SW,1161,1,NA,1161,1161,1256,1,NA,1256,1256,44,8,23,
26/01/14 12:00,T,1357,0,NA,1357,NA,204,1,NA,204,204,22,6,21,
27/01/14 12:00,T,1431,1,NA,1431,1431,1291,1,NA,1291,1291,200,8,19,
28/01/14 12:00,SW,976,1,NA,976,976,998,1,NA,998,998,219,7,19,
29/01/14 12:00,HNW,NA,0,NA,NA,NA,998,1,NA,998,998,233,5,22,
30/01/14 12:00,R,1146,1,NA,1146,1146,979,1,NA,979,979,220,10,21,
31/01/14 12:00,TNW,1241,0,NA,1241,NA,1661,1,NA,1661,1661,120,3,25,
1/02/14 12:00,R,NA,0,NA,NA,NA,"""NA""",0,NA,"""NA""",NA,224,8,23,
2/02/14 12:00,HSE,1803,1,NA,1803,1803,1768,1,NA,1768,1768,157,3,25,
3/02/14 12:00,HSE,1883,UPDATE,700,700,700,565,1,NA,565,565,36,3,24,
4/02/14 12:00,NE,2072,0,NA,2072,NA,589,1,NA,589,589,260,2,23,
5/02/14 12:00,HW,1785,UPDATE,650,650,650,1617,0,NA,1617,NA,248,3,24,
6/02/14 12:00,HSE,NA,0,NA,NA,NA,857,1,NA,857,857,81,6,22,
7/02/14 12:00,HSE,1501,0,NA,1501,NA,911,1,NA,911,911,59,9,22,
8/02/14 12:00,HSE,822,1,NA,822,822,1032,1,NA,1032,1032,235,10,22,
9/02/14 12:00,R,1002,0,NA,1002,NA,433,1,NA,433,433,216,8,23,
10/02/14 12:00,R,1960,0,NA,1960,NA,1456,0,NA,1456,NA,218,7,23,
11/02/14 12:00,R,1100,UPDATE,1000,1000,1000,1227,1,NA,1227,1227,215,5,21,
12/02/14 12:00,HSE,NA,0,NA,NA,NA,1271,0,NA,1271,NA,235,9,21,
13/02/14 12:00,HSE,NA,0,NA,NA,NA,253,0,NA,253,NA,239,11,21,
14/02/14 12:00,NE,2037,0,NA,2037,NA,1578,0,NA,1578,NA,256,7,21,
15/02/14 12:00,HW,2092,0,NA,2092,NA,988,1,NA,988,988,215,6,22,
16/02/14 12:00,HSE,1602,1,NA,1602,1602,"""NA""",0,NA,"""NA""",NA,234,4,25,
17/02/14 12:00,,NA,1,NA,NA,NA,1066,1,NA,1066,1066,54,6,25,
18/02/14 12:00,HSE,1130,1,NA,1130,1130,1222,1,NA,1222,1222,56,7,26,
19/02/14 12:00,R,1298,0,NA,1298,NA,755,1,NA,755,755,71,6,25,
20/02/14 12:00,NE,NA,1,NA,NA,NA,1305,0,NA,1305,NA,52,3,25,
21/02/14 12:00,R,1124,0,NA,1124,NA,560,1,NA,560,560,57,5,26,
22/02/14 12:00,HSE,1926,1,NA,1926,1926,336,0,NA,336,NA,49,3,24,
23/02/14 12:00,HSE,1431,1,NA,1431,1431,1344,1,NA,1344,1344,221,11,22,
24/02/14 12:00,NE,837,0,NA,837,NA,1554,1,NA,1554,1554,204,3,21,
25/02/14 12:00,HW,NA,0,NA,NA,NA,1149,1,NA,1149,1149,210,7,20,
26/02/14 12:00,HSE,1764,0,NA,1764,NA,238,0,NA,238,NA,259,3,22,
27/02/14 12:00,HSE,2002,0,NA,2002,NA,1091,0,NA,1091,NA,247,4,24,
28/02/14 12:00,HSE,1470,1,NA,1470,1470,1544,"""UPDATE""",1200,1200,1200,232,8,23,
1/03/14 12:00,SW,1712,0,NA,1712,NA,1252,1,NA,1252,1252,214,7,19,
2/03/14 12:00,SW,NA,0,NA,NA,NA,1476,1,NA,1476,1476,230,5,21,
3/03/14 12:00,TSW,1522,0,NA,1522,NA,735,0,NA,735,NA,252,11,18,
4/03/14 12:00,TSW,NA,0,NA,NA,NA,1515,0,NA,1515,NA,227,10,19,
5/03/14 12:00,R,NA,0,NA,NA,NA,1675,0,NA,1675,NA,255,4,17,
6/03/14 12:00,HSE,1434,0,NA,1434,NA,"""NA""",0,NA,"""NA""",NA,242,5,21,
7/03/14 12:00,H,1250,1,NA,1250,1250,"""NA""",0,NA,"""NA""",NA,261,4,24,
8/03/14 12:00,HW,1593,0,NA,1593,NA,1203,1,NA,1203,1203,236,4,22,
9/03/14 12:00,H,1587,0,NA,1587,NA,876,1,NA,876,876,245,4,21,
10/03/14 12:00,H,NA,0,NA,NA,NA,837,0,NA,837,NA,45,3,23,
11/03/14 12:00,SW,NA,0,NA,NA,NA,1451,0,NA,1451,NA,271,2,23,
12/03/14 12:00,SW,1423,1,NA,1423,1423,1334,1,NA,1334,1334,231,3,22,
13/03/14 12:00,TSW,1614,1,NA,1614,1614,1695,1,NA,1695,1695,30,3,24,
14/03/14 12:00,TSW,1371,1,NA,1371,1371,1183,1,NA,1183,1183,84,4,23,
15/03/14 12:00,R,NA,0,NA,NA,NA,365,1,NA,365,365,79,7,21,
16/03/14 12:00,HSE,NA,0,NA,NA,NA,1018,1,NA,1018,1018,315,6,23,
17/03/14 12:00,H,1481,0,NA,1481,NA,1086,1,NA,1086,1086,235,7,22,
18/03/14 12:00,HW,1315,1,NA,1315,1315,1227,1,NA,1227,1227,296,3,24,
19/03/14 12:00,H,773,1,NA,773,773,886,1,NA,886,886,248,5,23,
20/03/14 12:00,HSE,1295,1,NA,1295,1295,1062,1,NA,1062,1062,221,6,21,
21/03/14 12:00,SW,NA,0,NA,NA,NA,"""NA""",0,NA,"""NA""",NA,73,3,23,
22/03/14 12:00,SW,NA,0,NA,NA,NA,1334,0,NA,1334,NA,202,2,22,
23/03/14 12:00,TSW,NA,0,NA,NA,NA,"""NA""",0,NA,"""NA""",NA,43,4,24,
24/03/14 12:00,TSW,NA,0,NA,NA,NA,808,0,NA,808,NA,54,2,23,
25/03/14 12:00,R,1697,0,NA,1697,NA,1023,1,NA,1023,1023,242,9,20,
26/03/14 12:00,HSE,1300,1,NA,1300,1300,1154,1,NA,1154,1154,205,7,19,
27/03/14 12:00,H,1284,0,NA,1284,NA,974,1,NA,974,974,224,7,20,
28/03/14 12:00,HW,849,1,NA,849,849,769,1,NA,769,769,211,3,21,
29/03/14 12:00,H,831,1,NA,831,831,974,1,NA,974,974,235,3,21,
30/03/14 12:00,HSE,651,1,NA,651,651,"""NA""",0,NA,"""NA""",NA,213,3,21,
31/03/14 12:00,SW,1215,0,NA,1215,NA,"""NA""",0,NA,"""NA""",NA,243,3,23,
1/04/14 12:00,HSE,1385,0,NA,1385,NA,638,1,NA,638,638,239,3,20,
2/04/14 12:00,HSE,1760,0,NA,1760,NA,1802,0,NA,1802,NA,92,2,23,
3/04/14 12:00,HSE,NA,0,NA,NA,NA,794,0,NA,794,NA,240,4,21,
4/04/14 12:00,HSE,NA,0,NA,NA,NA,1174,1,NA,1174,1174,249,4,22,
5/04/14 12:00,HSE,651,1,NA,651,651,833,1,NA,833,833,211,7,21,
6/04/14 12:00,HSE,703,0,NA,703,NA,414,1,NA,414,414,233,5,22,
7/04/14 12:00,HSE,NA,0,NA,NA,NA,823,1,NA,823,823,234,7,22,
8/04/14 12:00,HSE,580,1,NA,580,580,618,1,NA,618,618,238,5,22,
9/04/14 12:00,HSE,844,0,NA,844,NA,272,1,NA,272,272,234,2,23,
10/04/14 12:00,HSE,NA,0,NA,NA,NA,1632,0,NA,1632,NA,61,3,22,
11/04/14 12:00,HSE,2360,0,NA,2360,NA,68,0,NA,68,NA,245,2,21,
12/04/14 12:00,HSE,1512,0,NA,1512,NA,1213,1,NA,1213,1213,252,7,21,
13/04/14 12:00,HSE,1416,UPDATE,1100,1100,1100,1008,1,NA,1008,1008,55,3,22,
14/04/14 12:00,HSE,1517,0,NA,1517,NA,798,1,NA,798,798,49,6,21,
15/04/14 12:00,HSE,NA,0,NA,NA,NA,818,1,NA,818,818,48,9,20,
16/04/14 12:00,HSE,1510,0,NA,1510,NA,823,1,NA,823,823,38,9,21,
17/04/14 12:00,HSE,1645,0,NA,1645,NA,214,1,NA,214,214,35,13,21,
18/04/14 12:00,HSE,NA,0,NA,NA,NA,462,1,NA,462,462,27,7,22,
19/04/14 12:00,HSE,NA,0,NA,NA,NA,531,1,NA,531,531,310,5,21,
20/04/14 12:00,T,NA,0,NA,NA,NA,345,1,NA,345,345,319,5,17,
21/04/14 12:00,HSE,2101,0,NA,2101,NA,1208,1,NA,1208,1208,241,10,19,
22/04/14 12:00,HSE,NA,0,NA,NA,NA,584,0,NA,584,NA,220,5,18,
23/04/14 12:00,HSE,1619,1,NA,1619,1619,1222,1,NA,1222,1222,235,3,19,
24/04/14 12:00,HSE,NA,0,NA,NA,NA,599,1,NA,599,599,308,4,18,
25/04/14 12:00,HSE,NA,0,NA,NA,NA,828,1,NA,828,828,271,5,22,
26/04/14 12:00,HSE,1990,0,NA,1990,NA,1295,1,NA,1295,1295,204,4,18,
27/04/14 12:00,HSE,1997,0,NA,1997,NA,1081,"""UPDATE""",600,600,600,309,2,18,
28/04/14 12:00,HSE,NA,0,NA,NA,NA,1373,1,NA,1373,1373,255,9,17,
29/04/14 12:00,HSE,2121,0,NA,2121,NA,1602,0,NA,1602,NA,250,7,18,
30/04/14 12:00,TSW,34,1,NA,34,34,190,1,NA,190,190,260,2,18,
1/05/14 12:00,TNW,1945,1,NA,1945,1945,"""NA""",1,NA,"""NA""",NA,239,2,18,
2/05/14 12:00,TNW,51,0,NA,51,NA,1154,1,NA,1154,1154,252,2,18,
3/05/14 12:00,NE,1542,1,NA,1542,1542,881,0,NA,881,NA,313,3,20,
4/05/14 12:00,HE,2040,0,NA,2040,NA,"""NA""",0,NA,"""NA""",NA,12,3,21,
5/05/14 12:00,W,NA,0,NA,NA,NA,"""NA""",0,NA,"""NA""",NA,29,7,19,
6/05/14 12:00,W,NA,0,NA,NA,NA,"""NA""",0,NA,"""NA""",NA,258,5,22,
7/05/14 12:00,T,NA,0,NA,NA,NA,"""NA""",0,NA,"""NA""",NA,317,4,20,
8/05/14 12:00,SW,NA,0,NA,NA,NA,730,1,NA,730,730,354,2,20,
9/05/14 12:00,SW,2319,0,NA,2319,NA,"""NA""",0,NA,"""NA""",NA,328,4,18,
10/05/14 12:00,HNW,455,1,NA,455,455,"""NA""",0,NA,"""NA""",NA,176,3,17,
11/05/14 12:00,,NA,0,NA,NA,NA,1057,0,NA,1057,NA,267,1,19,
12/05/14 12:00,,NA,0,NA,NA,NA,"""NA""",0,NA,"""NA""",NA,353,2,18,
13/05/14 12:00,NE,1501,0,NA,1501,NA,881,0,NA,881,NA,314,3,18,
14/05/14 12:00,HE,NA,0,NA,NA,NA,803,0,NA,803,NA,246,6,15,
15/05/14 12:00,W,2069,1,NA,2069,2069,959,0,NA,959,NA,219,9,17,
16/05/14 12:00,W,983,1,NA,983,983,"""NA""",1,NA,"""NA""",NA,206,4,15,
17/05/14 12:00,T,1221,1,NA,1221,1221,1169,1,NA,1169,1169,215,6,16,
18/05/14 12:00,SW,1250,0,NA,1250,NA,721,1,NA,721,721,246,1,18,
19/05/14 12:00,SW,1458,0,NA,1458,NA,862,1,NA,862,862,214,6,19,
20/05/14 12:00,W,1392,0,NA,1392,NA,740,0,NA,740,NA,232,3,18,
21/05/14 12:00,TNW,NA,1,NA,NA,NA,302,1,NA,302,302,276,5,19,
22/05/14 12:00,TNW,1456,0,NA,1456,NA,1091,1,NA,1091,1091,220,8,16,
23/05/14 12:00,NE,1609,0,NA,1609,NA,915,1,NA,915,915,272,8,17,
24/05/14 12:00,HE,2100,1,NA,2100,2100,803,1,NA,803,803,297,9,19,
25/05/14 12:00,W,NA,0,NA,NA,NA,526,1,NA,526,526,300,4,19,
26/05/14 12:00,W,1776,0,NA,1776,NA,1330,0,NA,1330,NA,217,10,14,
27/05/14 12:00,T,421,1,NA,421,421,"""NA""",0,NA,"""NA""",NA,148,2,12,
28/05/14 12:00,SW,NA,0,NA,NA,NA,"""NA""",0,NA,"""NA""",NA,269,1,13,
29/05/14 12:00,SW,2217,0,NA,2217,NA,730,1,NA,730,730,311,6,16,
30/05/14 12:00,HW,NA,0,NA,NA,NA,652,1,NA,652,652,218,5,17,
31/05/14 12:00,TNW,NA,1,NA,NA,NA,"""NA""",0,NA,"""NA""",NA,155,2,15,
1/06/14 12:00,H,1590,UPDATE,292,292,292,"""NA""",0,NA,"""NA""",NA,173,2,14,
2/06/14 12:00,H,NA,1,NA,NA,NA,1529,0,NA,1529,NA,201,3,12,
3/06/14 12:00,HSE,1195,UPDATE,1195,1195,1195,"""NA""",0,NA,"""NA""",NA,261,2,17,
4/06/14 12:00,,NA,0,NA,NA,NA,"""NA""",0,NA,"""NA""",NA,342,2,17,
5/06/14 12:00,H,469,1,NA,469,469,"""NA""",0,NA,"""NA""",NA,263,1,16,
6/06/14 12:00,HSE,2159,0,NA,2159,NA,384,0,NA,384,NA,314,1,16,
7/06/14 12:00,HSE,764,1,NA,764,764,"""NA""",0,NA,"""NA""",NA,38,4,18,
8/06/14 12:00,HSE,1918,0,NA,1918,NA,633,1,NA,633,633,61,5,17,
9/06/14 12:00,HSE,NA,0,NA,NA,NA,867,1,NA,867,867,42,7,18,
10/06/14 12:00,HSE,NA,0,NA,NA,NA,711,1,NA,711,711,66,7,14,
11/06/14 12:00,H,NA,0,NA,NA,NA,214,1,NA,214,214,19,5,17,
12/06/14 12:00,H,436,1,NA,436,436,764,1,NA,764,764,132,3,17,
13/06/14 12:00,HSE,1482,1,NA,1482,1482,1349,1,NA,1349,1349,148,4,16,
14/06/14 12:00,HSE,1710,0,NA,1710,NA,"""NA""",0,NA,"""NA""",NA,243,3,14,
15/06/14 12:00,H,NA,0,NA,NA,NA,794,"""UPDATE""",300,300,300,252,1,15,
16/06/14 12:00,HSE,796,1,NA,796,796,618,0,NA,618,NA,25,6,16,
17/06/14 12:00,HSE,1301,UPDATE,700,700,700,608,1,NA,608,608,287,9,17,
18/06/14 12:00,HSE,NA,0,NA,NA,NA,935,0,NA,935,NA,264,6,17,
19/06/14 12:00,HSE,NA,0,NA,NA,NA,292,0,NA,292,NA,260,6,14,
20/06/14 12:00,W,340,0,NA,340,NA,1183,0,NA,1183,NA,225,9,15,
21/06/14 12:00,H,1522,1,NA,1522,1522,1573,1,NA,1573,1573,287,5,16,
22/06/14 12:00,H,NA,0,NA,NA,NA,1154,0,NA,1154,NA,270,2,17,
23/06/14 12:00,HSE,150,1,NA,150,150,228,1,NA,228,228,246,1,13,
24/06/14 12:00,HSE,1737,0,NA,1737,NA,881,1,NA,881,881,32,7,17,
25/06/14 12:00,H,639,1,NA,639,639,794,1,NA,794,794,34,11,17,
26/06/14 12:00,HSE,NA,0,NA,NA,NA,243,1,NA,243,243,342,2,18,
27/06/14 12:00,HSE,NA,0,NA,NA,NA,1003,0,NA,1003,NA,316,4,15,
28/06/14 12:00,HSE,1490,0,NA,1490,NA,1242,0,NA,1242,NA,240,11,15,
29/06/14 12:00,HSE,1210,0,NA,1210,NA,1115,"""UPDATE""",200,200,200,294,1,16,
30/06/14 12:00,T,NA,1,NA,NA,NA,662,1,NA,662,662,33,8,15,
1/07/14 12:00,T,NA,0,NA,NA,NA,433,1,NA,433,433,343,3,14,
2/07/14 12:00,SW,NA,0,NA,NA,NA,394,0,NA,394,NA,267,9,11,
3/07/14 12:00,SW,NA,0,NA,NA,NA,2051,0,NA,2051,NA,257,6,13,
4/07/14 12:00,SW,1341,0,NA,1341,NA,789,1,NA,789,789,203,3,12,
5/07/14 12:00,SW,1590,0,NA,1590,NA,1027,1,NA,1027,1027,255,11,16,
6/07/14 12:00,HSE,1270,0,NA,1270,NA,623,1,NA,623,623,47,2,16,
7/07/14 12:00,HSE,NA,0,NA,NA,NA,433,1,NA,433,433,70,5,14,
8/07/14 12:00,NE,1512,0,NA,1512,NA,194,1,NA,194,194,68,9,14,
9/07/14 12:00,NE,NA,0,NA,NA,NA,243,0,NA,243,NA,72,9,14,
10/07/14 12:00,HE,NA,0,NA,NA,NA,331,1,NA,331,331,63,9,14,
11/07/14 12:00,T,NA,0,NA,NA,NA,1281,1,NA,1281,1281,52,10,16,
12/07/14 12:00,SW,101,1,NA,101,101,277,1,NA,277,277,59,4,13,
13/07/14 12:00,SW,NA,0,NA,NA,NA,613,1,NA,613,613,334,3,15,
14/07/14 12:00,SW,150,1,NA,150,150,126,1,NA,126,126,163,1,10,
15/07/14 12:00,SW,1405,0,NA,1405,NA,"""NA""",0,NA,"""NA""",NA,163,3,13,
16/07/14 12:00,HSE,1415,1,NA,1415,1415,"""NA""",0,NA,"""NA""",NA,186,2,12,
17/07/14 12:00,HSE,NA,0,NA,NA,NA,"""NA""",0,NA,"""NA""",NA,163,3,11,
18/07/14 12:00,NE,853,1,NA,853,853,496,1,NA,496,496,188,2,10,
19/07/14 12:00,NE,1090,0,NA,1090,NA,"""NA""",0,NA,"""NA""",NA,144,1,10,
20/07/14 12:00,TSW,NA,0,NA,NA,NA,1315,0,NA,1315,NA,177,3,14,
21/07/14 12:00,T,NA,0,NA,NA,NA,1334,0,NA,1334,NA,243,10,15,
22/07/14 12:00,SW,NA,0,NA,NA,NA,589,0,NA,589,NA,221,4,9,
23/07/14 12:00,SW,1400,0,NA,1400,NA,1607,0,NA,1607,NA,218,9,14,
24/07/14 12:00,SW,NA,0,NA,NA,NA,433,0,NA,433,NA,222,2,12,
25/07/14 12:00,SW,NA,0,NA,NA,NA,1174,0,NA,1174,NA,226,9,14,
26/07/14 12:00,HSE,NA,UPDATE,900,900,900,"""NA""",0,NA,"""NA""",NA,260,2,15,
27/07/14 12:00,HSE,NA,0,NA,NA,NA,"""NA""",0,NA,"""NA""",NA,222,4,14,
28/07/14 12:00,NE,NA,0,NA,NA,NA,"""NA""",0,NA,"""NA""",NA,264,2,12,
29/07/14 12:00,NE,1260,1,NA,1260,1260,"""NA""",0,NA,"""NA""",NA,10,4,16,
30/07/14 12:00,W,1650,0,NA,1650,NA,716,1,NA,716,716,326,4,17,
31/07/14 12:00,T,862,1,NA,862,862,643,1,NA,643,643,321,2,17,
1/08/14 12:00,W,NA,0,NA,NA,NA,209,1,NA,209,209,40,4,17,
2/08/14 12:00,HNW,1147,0,NA,1147,NA,341,1,NA,341,341,6,6,19,
3/08/14 12:00,H,NA,0,NA,NA,NA,267,1,NA,267,267,311,3,13,
4/08/14 12:00,HNW,958,0,NA,958,NA,462,1,NA,462,462,235,2,15,
5/08/14 12:00,HNW,1604,0,NA,1604,NA,1588,0,NA,1588,NA,220,11,14,
6/08/14 12:00,W,2010,0,NA,2010,NA,355,0,NA,355,NA,274,9,14,
7/08/14 12:00,SW,1479,1,NA,1479,1479,1368,1,NA,1368,1368,250,5,14,
8/08/14 12:00,HNW,1869,1,NA,1869,1869,1593,1,NA,1593,NA,243,11,14,
9/08/14 12:00,H,1683,0,NA,1683,NA,"""NA""",0,NA,"""NA""",NA,180,4,12,
10/08/14 12:00,W,1672,0,NA,1672,NA,798,0,NA,798,NA,284,2,15,
11/08/14 12:00,W,1746,0,NA,1746,NA,1237,1,NA,1237,1237,327,5,15,
12/08/14 12:00,HNW,NA,0,NA,NA,NA,1208,0,NA,1208,NA,264,8,14,
13/08/14 12:00,H,2179,0,NA,2179,NA,389,0,NA,389,NA,255,9,13,
14/08/14 12:00,,NA,0,NA,NA,NA,979,1,NA,979,979,248,12,11,
15/08/14 12:00,HNW,1374,0,NA,1374,NA,1320,1,NA,1320,1320,217,10,14,
16/08/14 12:00,W,1507,0,NA,1507,NA,755,1,NA,755,755,220,7,14,
17/08/14 12:00,SW,1385,0,NA,1385,NA,803,1,NA,803,803,227,3,15,
18/08/14 12:00,HNW,1568,0,NA,1568,NA,1344,1,NA,1344,1344,266,2,15,
19/08/14 12:00,H,NA,0,NA,NA,NA,740,1,NA,740,740,46,7,14,
20/08/14 12:00,SW,NA,0,NA,NA,NA,306,1,NA,306,306,29,4,16,
21/08/14 12:00,W,738,0,NA,738,NA,443,1,NA,443,443,212,9,15,
22/08/14 12:00,HNW,1006,1,NA,1006,1006,886,1,NA,886,886,190,3,11,
23/08/14 12:00,H,892,1,NA,892,892,682,1,NA,682,682,215,7,14,
24/08/14 12:00,HNW,NA,0,NA,NA,NA,"""NA""",0,NA,"""NA""",NA,248,3,15,
25/08/14 12:00,HNW,1480,0,NA,1480,NA,1398,1,NA,1398,1398,240,2,14,
26/08/14 12:00,W,884,1,NA,884,884,"""NA""",0,NA,"""NA""",NA,31,3,15,
27/08/14 12:00,SW,NA,0,NA,NA,NA,638,0,NA,638,NA,54,5,14,
28/08/14 12:00,HNW,1951,0,NA,1951,NA,1427,1,NA,1427,1000,68,6,15,
29/08/14 12:00,H,1384,0,NA,1384,NA,146,1,NA,146,NA,70,6,16,
30/08/14 12:00,HSE,NA,0,NA,NA,NA,643,1,NA,643,643,77,6,14,
31/08/14 12:00,W,NA,0,NA,NA,NA,1149,1,NA,1149,1149,79,5,13,
1/09/14 12:00,R,1099,0,NA,1099,NA,428,1,NA,428,428,196,4,11,
2/09/14 12:00,NE,NA,0,NA,NA,NA,1734,0,NA,1734,NA,212,6,17,
3/09/14 12:00,NE,NA,0,NA,NA,NA,774,1,NA,774,774,339,2,16,
4/09/14 12:00,TSW,1419,0,NA,1419,NA,711,"""UPDATE""",100,100,100,47,7,17,
5/09/14 12:00,TSW,NA,0,NA,NA,NA,418,1,NA,418,418,38,6,18,
6/09/14 12:00,HW,1238,0,NA,1238,NA,745,1,NA,745,745,117,4,17,
7/09/14 12:00,HNW,NA,0,NA,NA,NA,"""NA""",0,NA,"""NA""",NA,147,5,18,
8/09/14 12:00,H,1254,1,NA,1254,1254,1364,1,NA,1364,1364,238,7,15,
9/09/14 12:00,H,1236,1,NA,1236,1236,1870,0,NA,1870,NA,39,6,17,
10/09/14 12:00,HE,1381,1,NA,1381,1381,1120,1,NA,1120,1120,37,6,16,
11/09/14 12:00,R,1082,0,NA,1082,NA,769,1,NA,769,769,51,5,17,
12/09/14 12:00,NE,NA,0,NA,NA,NA,258,1,NA,258,258,44,7,15,
13/09/14 12:00,NE,NA,0,NA,NA,NA,560,"""UPDATE""",400,400,400,49,6,17,
14/09/14 12:00,TSW,NA,1,NA,NA,NA,560,"""UPDATE""",900,900,900,238,16,15,
15/09/14 12:00,,NA,0,NA,NA,NA,842,1,NA,842,842,250,4,17,
16/09/14 12:00,HW,NA,0,NA,NA,NA,808,1,NA,808,808,277,8,18,
17/09/14 12:00,HNW,2124,0,NA,2124,NA,1232,0,NA,1232,NA,243,10,16,
18/09/14 12:00,H,1000,0,NA,1000,NA,418,1,NA,418,418,26,4,13,
19/09/14 12:00,H,NA,0,NA,NA,NA,876,1,NA,876,876,270,9,18,
20/09/14 12:00,SW,NA,0,NA,NA,NA,443,0,NA,443,NA,258,11,16,
21/09/14 12:00,R,1957,0,NA,1957,NA,988,0,NA,988,NA,326,2,13,
22/09/14 12:00,NE,NA,0,NA,NA,NA,555,1,NA,555,555,227,16,11,
23/09/14 12:00,NE,939,1,NA,939,939,1086,1,NA,1086,1086,243,10,15,
24/09/14 12:00,TSW,873,0,NA,873,NA,243,1,NA,243,243,226,10,16,
25/09/14 12:00,TSW,790,1,NA,790,790,794,1,NA,794,794,222,7,16,
26/09/14 12:00,HW,1107,1,NA,1107,1107,1140,1,NA,1140,1140,236,7,17,
27/09/14 12:00,HNW,1884,0,NA,1884,NA,1427,1,NA,1427,1427,344,3,17,
28/09/14 12:00,H,1167,1,NA,1167,1167,414,"""UPDATE""",800,800,800,331,6,17,
29/09/14 12:00,H,1057,1,NA,1057,1057,1081,1,NA,1081,1081,98,6,18,
30/09/14 12:00,R,NA,0,NA,NA,NA,"""NA""",0,NA,"""NA""",NA,205,4,17,
1/10/14 12:00,TNW,1238,1,NA,1238,1238,974,0,NA,974,NA,220,7,18,
2/10/14 12:00,T,1494,1,NA,1494,1494,1495,1,NA,1495,1495,288,7,16,
3/10/14 12:00,SW,NA,0,NA,NA,NA,643,0,NA,643,NA,300,10,15,
4/10/14 12:00,SW,NA,0,NA,NA,NA,535,0,NA,535,NA,250,15,13,
5/10/14 12:00,T,1878,0,NA,1878,NA,1339,1,NA,1339,1339,246,9,16,
6/10/14 12:00,SW,2280,0,NA,2280,NA,375,1,NA,375,375,294,10,15,
7/10/14 12:00,W,1428,0,NA,1428,NA,867,1,NA,867,867,224,12,15,
8/10/14 12:00,SW,2060,0,NA,2060,NA,628,1,NA,628,628,286,6,16,
9/10/14 12:00,H,NA,0,NA,NA,NA,316,1,NA,316,316,215,6,16,
10/10/14 12:00,R,1204,0,NA,1204,NA,224,1,NA,224,224,38,4,17,
11/10/14 12:00,TNW,NA,0,NA,NA,NA,"""NA""",0,NA,"""NA""",NA,199,4,18,
12/10/14 12:00,T,1420,0,NA,1420,NA,935,1,NA,935,935,216,9,16,
13/10/14 12:00,SW,1174,1,NA,1174,1174,1193,1,NA,1193,1193,246,3,19,
14/10/14 12:00,SW,1425,1,NA,1425,1425,1057,1,NA,1057,1057,235,5,19,
15/10/14 12:00,T,816,1,NA,816,816,584,1,NA,584,584,219,5,19,
16/10/14 12:00,SW,1090,0,NA,1090,NA,1398,"""UPDATE""",250,250,250,14,5,19,
17/10/14 12:00,W,1795,0,NA,1795,NA,238,1,NA,238,NA,15,6,19,
18/10/14 12:00,SW,NA,0,NA,NA,NA,253,1,NA,253,253,28,6,18,
19/10/14 12:00,H,1250,UPDATE,800,800,800,1203,"""UPDATE""",900,900,900,210,6,18,
20/10/14 12:00,HNW,NA,1,NA,NA,NA,1427,1,NA,1427,1427,234,9,17,
21/10/14 12:00,TNW,NA,0,NA,NA,NA,1023,1,NA,1023,1023,237,4,19,
22/10/14 12:00,T,NA,0,NA,NA,NA,1076,0,NA,1076,NA,28,4,19,
23/10/14 12:00,SW,NA,0,NA,NA,NA,1237,0,NA,1237,NA,235,5,18,
24/10/14 12:00,SW,1711,0,NA,1711,NA,1047,1,NA,1047,1047,246,10,17,
25/10/14 12:00,T,838,1,NA,838,838,"""NA""",0,NA,"""NA""",NA,202,3,15,
26/10/14 12:00,,NA,0,NA,NA,NA,1183,1,NA,1183,1183,244,8,16,
27/10/14 12:00,W,1173,0,NA,1173,NA,954,1,NA,954,954,291,9,17,
28/10/14 12:00,SW,NA,0,NA,NA,NA,350,1,NA,350,350,308,4,18,
29/10/14 12:00,H,NA,0,NA,NA,NA,224,1,NA,224,NA,235,7,16,
30/10/14 12:00,SW,1819,0,NA,1819,NA,1271,1,NA,1271,1271,244,15,17,
31/10/14 12:00,TNW,1780,UPDATE,800,800,800,974,1,NA,974,974,255,10,18,
1/11/14 12:00,TNW,1472,0,NA,1472,NA,1062,1,NA,1062,1062,234,8,19,
2/11/14 12:00,T,1167,1,NA,1167,1167,974,1,NA,974,974,282,7,19,
3/11/14 12:00,T,733,0,NA,733,NA,988,1,NA,988,988,241,6,16,
4/11/14 12:00,T,NA,0,NA,NA,NA,1208,0,NA,1208,NA,234,5,17,
5/11/14 12:00,SW,NA,0,NA,NA,NA,1739,0,NA,1739,NA,255,3,16,
6/11/14 12:00,T,1318,1,NA,1318,1318,979,1,NA,979,979,219,11,15,
7/11/14 12:00,T,2292,0,NA,2292,NA,1310,1,NA,1310,1310,258,8,17,
8/11/14 12:00,SW,1906,0,NA,1906,NA,"""NA""",0,NA,"""NA""",NA,214,7,17,
9/11/14 12:00,HNW,908,1,NA,908,908,1671,0,NA,1671,NA,233,5,19,
10/11/14 12:00,HNW,1724,1,NA,1724,1724,1529,1,NA,1529,1529,233,6,19,
11/11/14 12:00,TNW,1110,1,NA,1110,1110,984,1,NA,984,984,282,10,19,
12/11/14 12:00,T,NA,0,NA,NA,NA,1368,0,NA,1368,NA,266,12,16,
13/11/14 12:00,T,NA,0,NA,NA,NA,73,0,NA,73,NA,240,8,14,
14/11/14 12:00,T,1981,0,NA,1981,NA,565,0,NA,565,NA,242,12,17,
15/11/14 12:00,SW,1089,0,NA,1089,NA,686,1,NA,686,686,295,11,17,
16/11/14 12:00,T,1641,0,NA,1641,NA,1252,1,NA,1252,1252,238,12,18,
17/11/14 12:00,T,NA,0,NA,NA,NA,204,1,NA,204,204,30,6,15,
18/11/14 12:00,SW,1881,0,NA,1881,NA,1062,1,NA,1062,1062,243,12,19,
19/11/14 12:00,HNW,1455,UPDATE,900,900,900,1276,1,NA,1276,1276,263,9,21,
20/11/14 12:00,TSW,1388,0,NA,1388,NA,267,0,NA,267,NA,239,10,17,
21/11/14 12:00,,NA,0,NA,NA,NA,1247,1,NA,1247,1247,231,9,19,
22/11/14 12:00,T,1523,0,NA,1523,NA,774,1,NA,774,774,279,7,20,
23/11/14 12:00,T,978,1,NA,978,978,901,1,NA,901,901,220,5,19,
24/11/14 12:00,T,NA,0,NA,NA,NA,511,1,NA,511,511,297,3,20,
25/11/14 12:00,SW,1320,0,NA,1320,NA,652,1,NA,652,652,236,6,22,
26/11/14 12:00,T,1620,0,NA,1620,NA,375,1,NA,375,375,253,9,18,
27/11/14 12:00,T,1000,0,NA,1000,NA,911,1,NA,911,911,230,8,20,
28/11/14 12:00,SW,NA,0,NA,NA,NA,1388,1,NA,1388,1388,280,8,20,
29/11/14 12:00,HNW,2373,0,NA,2373,NA,1490,1,NA,1490,1490,243,12,18,
30/11/14 12:00,R,2017,0,NA,2017,NA,1865,1,NA,1865,1865,255,9,20,
1/12/14 12:00,R,2273,0,NA,2273,NA,282,0,NA,282,NA,227,10,17,
2/12/14 12:00,HSE,2377,0,NA,2377,NA,1700,0,NA,1700,NA,213,4,18,
3/12/14 12:00,HSE,1307,1,NA,1307,1307,1164,1,NA,1164,1164,219,5,18,
4/12/14 12:00,NE,1588,1,NA,1588,1588,1500,1,NA,1500,1500,239,9,19,
5/12/14 12:00,HW,1061,1,NA,1061,1061,1125,1,NA,1125,1125,241,11,20,
6/12/14 12:00,HSE,1967,0,NA,1967,NA,1110,1,NA,1110,1110,272,4,22,
7/12/14 12:00,HSE,827,1,NA,827,827,1252,1,NA,1252,1252,234,11,20,
8/12/14 12:00,HSE,1608,0,NA,1608,NA,950,1,NA,950,950,221,3,23,
9/12/14 12:00,R,1764,0,NA,1764,NA,267,1,NA,267,267,315,2,22,
10/12/14 12:00,R,1277,0,NA,1277,NA,1286,1,NA,1286,1286,282,9,22,
11/12/14 12:00,R,1617,0,NA,1617,NA,589,1,NA,589,589,230,4,22,
12/12/14 12:00,HSE,NA,0,NA,NA,NA,954,1,NA,954,954,231,5,18,
13/12/14 12:00,HSE,1086,1,NA,1086,1086,886,1,NA,886,886,236,1,19,
14/12/14 12:00,NE,NA,0,NA,NA,NA,545,1,NA,545,545,89,5,17,
15/12/14 12:00,HW,NA,0,NA,NA,NA,1066,1,NA,1066,1066,108,6,18,
16/12/14 12:00,HSE,NA,0,NA,NA,NA,672,1,NA,672,672,79,7,18,
17/12/14 12:00,HSE,NA,0,NA,NA,NA,428,1,NA,428,428,63,7,19,
18/12/14 12:00,HSE,1345,0,NA,1345,NA,813,1,NA,813,813,283,7,21,
19/12/14 12:00,R,958,1,NA,958,958,"""NA""",0,NA,"""NA""",NA,339,3,26,
20/12/14 12:00,NE,NA,0,NA,NA,NA,209,1,NA,209,209,39,7,21,
21/12/14 12:00,,NA,0,NA,NA,NA,974,1,NA,974,974,252,4,24,
22/12/14 12:00,HSE,1181,1,NA,1181,1181,1222,1,NA,1222,1222,220,5,22,
23/12/14 12:00,HSE,550,1,NA,550,550,1500,0,NA,1500,NA,76,3,25,
24/12/14 12:00,NE,NA,0,NA,NA,NA,1242,1,NA,1242,1242,41,6,21,
25/12/14 12:00,HW,1440,0,NA,1440,NA,1607,1,NA,1607,1607,49,5,22,
26/12/14 12:00,HSE,1578,0,NA,1578,NA,1096,1,NA,1096,1096,54,5,23,
27/12/14 12:00,HSE,1808,0,NA,1808,NA,1573,0,NA,1573,NA,38,6,23,
28/12/14 12:00,HSE,NA,0,NA,NA,NA,277,1,NA,277,NA,24,4,24,
29/12/14 12:00,R,2378,0,NA,2378,NA,1783,0,NA,1783,NA,37,4,24,
30/12/14 12:00,TNW,2300,0,NA,2300,NA,1934,0,NA,1934,NA,37,7,23,
31/12/14 12:00,R,1586,0,NA,1586,NA,618,1,NA,618,618,21,7,21,
1/01/15 12:00,H,1488,1,NA,1488,1488,1451,1,NA,1451,1451,212,7,21,
2/01/15 12:00,H,1110,1,NA,1110,1110,1417,1,NA,1417,1417,234,5,23,
3/01/15 12:00,H,1123,1,NA,1123,1123,1222,1,NA,1222,1222,216,6,21,
4/01/15 12:00,H,1035,1,NA,1035,1035,"""NA""",0,NA,"""NA""",NA,42,3,26,
5/01/15 12:00,H,NA,0,NA,NA,NA,974,1,NA,974,974,240,5,23,
6/01/15 12:00,HW,844,1,NA,844,844,1101,1,NA,1101,1101,232,6,23,
7/01/15 12:00,HW,1208,1,NA,1208,1208,1222,1,NA,1222,1222,239,7,24,
8/01/15 12:00,HSE,1228,0,NA,1228,NA,701,1,NA,701,701,38,5,24,
9/01/15 12:00,HSE,NA,0,NA,NA,NA,380,1,NA,380,380,23,4,23,
10/01/15 12:00,HE,NA,0,NA,NA,NA,1081,1,NA,1081,1081,216,7,24,
11/01/15 12:00,H,1364,1,NA,1364,1364,1217,1,NA,1217,1217,220,7,24,
12/01/15 12:00,H,1575,0,NA,1575,NA,1115,1,NA,1115,1115,219,8,24,
13/01/15 12:00,H,900,UPDATE,750,750,750,745,1,NA,745,745,219,7,24,
14/01/15 12:00,H,1010,UPDATE,1000,1000,1000,1105,1,NA,1105,1105,220,5,23,
15/01/15 12:00,H,1183,1,NA,1183,1183,"""NA""",0,NA,"""NA""",NA,228,3,25,
16/01/15 12:00,HW,1328,1,NA,1328,1328,1349,1,NA,1349,1349,8,4,25,
17/01/15 12:00,HW,NA,0,NA,NA,NA,1481,1,NA,1481,1481,315,4,25,
18/01/15 12:00,HSE,973,1,NA,973,973,"""NA""",0,NA,"""NA""",NA,238,6,24,
19/01/15 12:00,HSE,NA,1,NA,NA,NA,1656,1,NA,1656,1656,233,5,26,
20/01/15 12:00,HSE,NA,0,NA,NA,NA,1154,0,NA,1154,NA,229,7,24,
21/01/15 12:00,H,890,0,NA,890,NA,1753,0,NA,1753,NA,211,5,23,
22/01/15 12:00,H,1500,0,NA,1500,NA,209,1,NA,209,209,58,8,24,
23/01/15 12:00,H,1102,0,NA,1102,NA,823,1,NA,823,823,1,4,24,
24/01/15 12:00,H,1257,1,NA,1257,1257,1378,1,NA,1378,1378,240,4,26,
25/01/15 12:00,H,1221,1,NA,1221,1221,1174,1,NA,1174,1174,16,4,26,
26/01/15 12:00,HW,1649,1,NA,1649,1649,1554,1,NA,1554,1554,35,5,24,
27/01/15 12:00,HW,1085,0,NA,1085,NA,1934,0,NA,1934,NA,153,3,26,
28/01/15 12:00,HSE,NA,0,NA,NA,NA,1154,1,NA,1154,1154,97,3,25,
29/01/15 12:00,HSE,NA,0,NA,NA,NA,1076,1,NA,1076,1076,100,4,26,
30/01/15 12:00,NE,1120,1,NA,1120,1120,774,0,NA,774,NA,44,7,26,
31/01/15 12:00,H,NA,0,NA,NA,NA,492,1,NA,492,492,25,4,23,
1/02/15 12:00,TNW,NA,0,NA,NA,NA,579,1,NA,579,579,32,5,23,
2/02/15 12:00,T,1752,0,NA,1752,NA,915,0,NA,915,NA,306,5,26,
3/02/15 12:00,T,1029,0,NA,1029,NA,1188,1,NA,1188,1188,237,10,25,
4/02/15 12:00,SW,1111,0,NA,1111,NA,487,0,NA,487,NA,337,2,19,
5/02/15 12:00,SW,1806,0,NA,1806,NA,1490,1,NA,1490,1490,232,11,22,
6/02/15 12:00,SW,2000,0,NA,2000,NA,282,0,NA,282,NA,226,15,21,
7/02/15 12:00,HNW,1640,1,NA,1640,1640,1368,1,NA,1368,1368,216,6,21,
8/02/15 12:00,HNW,1272,1,NA,1272,1272,1101,1,NA,1101,1101,249,3,21,
9/02/15 12:00,H,1679,1,NA,1679,1679,1495,1,NA,1495,1495,240,4,23,
10/02/15 12:00,HSE,1566,0,NA,1566,NA,837,0,NA,837,NA,250,2,23,
11/02/15 12:00,TNW,1596,1,NA,1596,1596,1807,1,NA,1807,1807,63,3,23,
12/02/15 12:00,T,1131,1,NA,1131,1131,1208,1,NA,1208,1208,92,4,23,
13/02/15 12:00,T,2285,0,NA,2285,NA,2148,0,NA,2148,NA,208,5,24,
14/02/15 12:00,SW,NA,0,NA,NA,NA,1032,0,NA,1032,NA,37,3,24,
15/02/15 12:00,SW,783,1,NA,783,783,1510,0,NA,1510,NA,33,2,24,
16/02/15 12:00,SW,NA,0,NA,NA,NA,"""NA""",0,NA,"""NA""",NA,15,3,24,
17/02/15 12:00,HNW,NA,0,NA,NA,NA,"""NA""",0,NA,"""NA""",NA,261,2,25,
18/02/15 12:00,HNW,785,1,NA,785,785,1266,0,NA,1266,NA,233,4,25,
19/02/15 12:00,H,1142,1,NA,1142,1142,1188,1,NA,1188,1188,218,7,24,
20/02/15 12:00,HSE,1698,0,NA,1698,NA,950,1,NA,950,950,212,2,24,
21/02/15 12:00,TNW,NA,0,NA,NA,NA,1193,0,NA,1193,NA,33,4,23,
22/02/15 12:00,T,NA,0,NA,NA,NA,740,0,NA,740,NA,247,3,21,
23/02/15 12:00,T,NA,0,NA,NA,NA,1368,0,NA,1368,NA,39,8,20,
24/02/15 12:00,SW,2170,0,NA,2170,NA,1178,1,NA,1178,1178,65,5,23,
25/02/15 12:00,SW,2253,0,NA,2253,NA,1344,1,NA,1344,1344,235,4,24,
26/02/15 12:00,SW,733,1,NA,733,733,1403,0,NA,1403,NA,225,3,26,
27/02/15 12:00,HNW,1574,0,NA,1574,NA,1383,0,NA,1383,NA,240,4,24,
28/02/15 12:00,HNW,890,0,NA,890,NA,1227,1,NA,1227,1227,223,4,24,
1/03/15 12:00,HE,566,1,NA,566,566,"""NA""",0,NA,"""NA""",NA,241,3,26,
2/03/15 12:00,NE,802,1,NA,802,802,1144,1,NA,1144,1144,40,6,25,
3/03/15 12:00,R,1713,0,NA,1713,NA,477,1,NA,477,477,52,6,24,
4/03/15 12:00,TNW,1646,UPDATE,700,700,700,872,1,NA,872,872,51,3,25,
5/03/15 12:00,TNW,1557,1,NA,1557,1557,"""NA""",0,NA,"""NA""",NA,265,3,24,
6/03/15 12:00,T,1074,UPDATE,600,600,600,565,1,NA,565,565,19,6,22,
7/03/15 12:00,T,548,1,NA,548,548,1096,0,NA,1096,NA,320,6,21,
8/03/15 12:00,SW,1946,0,NA,1946,NA,1417,0,NA,1417,NA,238,10,22,
9/03/15 12:00,HSE,1613,1,NA,1613,1613,1349,1,NA,1349,1349,224,5,21,
10/03/15 12:00,HSE,1216,1,NA,1216,1216,1237,1,NA,1237,1237,224,6,24,
11/03/15 12:00,HE,871,1,NA,871,871,1330,0,NA,1330,NA,230,4,24,
12/03/15 12:00,NE,2500,0,NA,2500,NA,1900,0,NA,1900,NA,49,4,26,
13/03/15 12:00,R,2397,0,NA,2397,NA,"""NA""",0,NA,"""NA""",NA,38,5,25,
14/03/15 12:00,TNW,759,1,NA,759,759,"""NA""",0,NA,"""NA""",NA,33,4,25,
15/03/15 12:00,TNW,1233,1,NA,1233,1233,901,1,NA,901,901,79,6,22,
16/03/15 12:00,T,1622,0,NA,1622,NA,428,1,NA,428,428,210,8,22,
17/03/15 12:00,T,-1,0,NA,-1,NA,1081,1,NA,1081,1081,217,7,23,
18/03/15 12:00,SW,2298,0,NA,2298,NA,1315,0,NA,1315,NA,234,9,20,
19/03/15 12:00,HSE,34,0,NA,34,NA,1378,0,NA,1378,NA,198,4,20,
20/03/15 12:00,HE,1427,0,NA,1427,NA,277,0,NA,277,NA,247,3,20,
21/03/15 12:00,HE,2763,0,NA,2763,NA,1140,1,NA,1140,1140,35,6,21,
22/03/15 12:00,NE,1458,1,NA,1458,1458,1032,1,NA,1032,1032,53,5,22,
23/03/15 12:00,R,2383,0,NA,2383,NA,1295,1,NA,1295,1295,44,6,22,
24/03/15 12:00,TNW,2514,0,NA,2514,NA,1607,0,NA,1607,NA,32,4,22,
25/03/15 12:00,TNW,34,0,NA,34,NA,"""NA""",0,NA,"""NA""",NA,15,3,23,
26/03/15 12:00,T,163,0,NA,163,NA,1169,1,NA,1169,1169,360,4,23,
27/03/15 12:00,T,310,0,NA,310,NA,828,1,NA,828,828,264,2,23,
28/03/15 12:00,SW,2248,0,NA,2248,NA,73,"""UPDATE""",500,500,500,311,4,19,
29/03/15 12:00,HSE,721,1,NA,721,721,1042,0,NA,1042,NA,259,6,24,
30/03/15 12:00,HNW,137,0,NA,137,NA,808,0,NA,808,NA,246,9,22,
31/03/15 12:00,HE,1568,1,NA,1568,1568,1237,1,NA,1237,1237,218,7,22,
1/04/15 12:00,H,771,UPDATE,1400,1400,1400,1364,1,NA,1364,1364,236,4,22,
2/04/15 12:00,H,2201,0,NA,2201,NA,896,1,NA,896,896,247,1,22,
3/04/15 12:00,H,1088,1,NA,1088,1088,979,1,NA,979,979,228,5,22,
4/04/15 12:00,H,665,1,NA,665,665,1612,0,NA,1612,NA,239,3,22,
5/04/15 12:00,HSE,35,0,NA,35,NA,526,1,NA,526,526,230,2,23,
6/04/15 12:00,HE,1496,UPDATE,600,600,600,740,1,NA,740,740,27,6,23,
7/04/15 12:00,H,799,1,NA,799,799,"""NA""",0,NA,"""NA""",NA,34,5,24,
8/04/15 12:00,H,1668,0,NA,1668,NA,881,1,NA,881,881,20,3,23,
9/04/15 12:00,NE,566,1,NA,566,566,599,1,NA,599,599,306,2,21,
10/04/15 12:00,SW,95,UPDATE,1250,1250,1250,1023,1,NA,1023,1023,318,5,24,
11/04/15 12:00,H,2821,0,NA,2821,NA,"""NA""",0,NA,"""NA""",NA,238,9,22,
12/04/15 12:00,H,1772,1,NA,1772,1772,1753,1,NA,1753,1753,251,6,19,
13/04/15 12:00,H,-1,0,NA,-1,NA,911,0,NA,911,NA,324,5,17,
14/04/15 12:00,H,-1,0,NA,-1,NA,1013,0,NA,1013,NA,219,6,14,
15/04/15 12:00,HSE,2335,0,NA,2335,NA,628,0,NA,628,NA,229,10,17,
16/04/15 12:00,HE,1765,0,NA,1765,NA,1286,0,NA,1286,NA,267,3,18,
17/04/15 12:00,H,34,0,NA,34,NA,1164,1,NA,1164,1164,261,6,19,
18/04/15 12:00,H,801,0,NA,801,NA,267,1,NA,267,267,23,6,17,
19/04/15 12:00,NE,861,1,NA,861,861,"""NA""",0,NA,"""NA""",NA,60,5,21,
20/04/15 12:00,HSE,1247,0,NA,1247,NA,833,1,NA,833,833,43,3,21,
21/04/15 12:00,H,1606,0,NA,1606,NA,438,1,NA,438,438,259,2,21,
22/04/15 12:00,H,43,0,NA,43,NA,847,1,NA,847,847,274,3,20,
23/04/15 12:00,H,806,0,NA,806,NA,1607,0,NA,1607,NA,86,2,19,
24/04/15 12:00,H,1327,0,NA,1327,NA,"""NA""",0,NA,"""NA""",NA,62,6,20,
25/04/15 12:00,HSE,1231,1,NA,1231,1231,1349,1,NA,1349,1349,41,6,19,
26/04/15 12:00,HE,1405,1,NA,1405,1405,1383,1,NA,1383,1383,30,7,21,
27/04/15 12:00,H,-1,0,NA,-1,NA,326,1,NA,326,326,19,10,18,
28/04/15 12:00,H,2373,0,NA,2373,NA,657,0,NA,657,NA,255,9,17,
29/04/15 12:00,NE,1803,0,NA,1803,NA,1149,0,NA,1149,NA,266,10,18,
30/04/15 12:00,HNW,1967,0,NA,1967,NA,531,0,NA,531,NA,226,13,15,
1/05/15 12:00,H,1744,1,NA,1744,1744,1451,1,NA,1451,1451,276,2,18,
2/05/15 12:00,H,1415,1,NA,1415,1415,1232,1,NA,1232,1232,281,2,18,
3/05/15 12:00,H,1374,1,NA,1374,1374,1300,1,NA,1300,1300,216,2,18,
4/05/15 12:00,HSE,1322,1,NA,1322,1322,"""NA""",0,NA,"""NA""",NA,337,2,19,
5/05/15 12:00,HE,688,1,NA,688,688,1398,0,NA,1398,NA,43,5,19,
6/05/15 12:00,W,1566,0,NA,1566,NA,1597,"""UPDATE""",400,400,400,17,6,20,
7/05/15 12:00,T,784,0,NA,784,NA,228,1,NA,228,228,17,6,21,
8/05/15 12:00,T,-1,0,NA,-1,NA,"""NA""",0,NA,"""NA""",NA,349,2,17,
9/05/15 12:00,T,1435,1,NA,1435,1435,"""NA""",0,NA,"""NA""",NA,213,4,18,
10/05/15 12:00,TNW,1458,0,NA,1458,NA,"""NA""",,NA,"""NA""",NA,240,7,20,
11/05/15 12:00,H,1405,0,NA,1405,NA,"""NA""",,NA,"""NA""",NA,310,3,20,
12/05/15 12:00,H,732,1,NA,732,732,774,1,NA,774,774,312,4,17,
13/05/15 12:00,H,1673,1,NA,1673,1673,1437,1,NA,1437,1437,264,6,19,
14/05/15 12:00,HSE,1999,0,NA,1999,NA,2723,0,NA,2723,NA,346,5,18,
15/05/15 12:00,HE,-1,0,NA,-1,NA,964,0,NA,964,NA,294,8,13,
16/05/15 12:00,W,1576,0,NA,1576,NA,930,1,NA,930,930,195,4,16,
17/05/15 12:00,T,2184,0,NA,2184,NA,370,1,NA,370,370,164,2,16,
18/05/15 12:00,T,1735,0,NA,1735,NA,643,0,NA,643,NA,224,9,15,
19/05/15 12:00,T,2543,0,NA,2543,NA,306,1,NA,306,306,207,5,17,
20/05/15 12:00,W,1535,1,NA,1535,1535,1456,1,NA,1456,1456,217,2,17,
21/05/15 12:00,H,1898,UPDATE,700,700,700,647,1,NA,647,647,321,4,17,
22/05/15 12:00,H,1552,UPDATE,650,650,650,779,1,NA,779,779,205,5,16,
23/05/15 12:00,H,575,0,NA,575,NA,151,1,NA,151,151,112,1,13,
24/05/15 12:00,HSE,34,0,NA,34,NA,686,0,NA,686,NA,233,14,13,
25/05/15 12:00,HE,84,0,NA,84,NA,1242,0,NA,1242,NA,224,14,14,
26/05/15 12:00,W,2108,0,NA,2108,NA,380,1,NA,380,380,243,12,14,
27/05/15 12:00,T,194,0,NA,194,NA,1227,0,NA,1227,NA,192,2,14,
28/05/15 12:00,T,34,0,NA,34,NA,"""NA""",0,NA,"""NA""",NA,244,3,13,
29/05/15 12:00,T,34,0,NA,34,NA,"""NA""",0,NA,"""NA""",NA,242,2,13,
30/05/15 12:00,HE,34,0,NA,34,NA,"""NA""",0,NA,"""NA""",NA,55,6,16,
31/05/15 12:00,H,-1,0,NA,-1,NA,433,0,NA,433,NA,348,2,14,
1/06/15 12:00,TNW,1617,UPDATE,500,500,500,526,1,NA,526,526,42,6,17,
2/06/15 12:00,TNW,869,0,NA,869,NA,433,1,NA,433,433,31,4,18,
3/06/15 12:00,T,586,1,NA,586,586,672,1,NA,672,672,328,8,15,
4/06/15 12:00,SW,-1,0,NA,-1,NA,292,0,NA,292,NA,279,6,15,
5/06/15 12:00,HNW,85,0,NA,85,NA,837,0,NA,837,NA,194,2,15,
6/06/15 12:00,H,109,0,NA,109,NA,867,1,NA,867,867,282,2,14,
7/06/15 12:00,H,1832,0,NA,1832,NA,350,0,NA,350,NA,213,6,13,
8/06/15 12:00,W,232,1,NA,232,232,"""NA""",0,NA,"""NA""",NA,248,2,14,
9/06/15 12:00,W,34,UPDATE,1400,1400,1400,1295,1,NA,1295,1295,349,2,15,
10/06/15 12:00,HNW,1641,1,NA,1641,1641,1086,1,NA,1086,1086,324,5,16,
11/06/15 12:00,TNW,34,0,NA,34,NA,1300,0,NA,1300,NA,270,6,17,
12/06/15 12:00,TNW,1524,1,NA,1524,1524,1373,1,NA,1373,1373,256,7,15,
13/06/15 12:00,T,1472,1,NA,1472,1472,1383,1,NA,1383,1383,244,14,15,
14/06/15 12:00,SW,1167,1,NA,1167,1167,920,1,NA,920,920,250,12,15,
15/06/15 12:00,HNW,2051,0,NA,2051,NA,355,0,NA,355,NA,253,8,14,
16/06/15 12:00,H,1249,1,NA,1249,1249,"""NA""",0,NA,"""NA""",NA,198,4,12,
17/06/15 12:00,H,232,1,NA,232,232,204,1,NA,204,204,305,1,15,
18/06/15 12:00,W,1463,1,NA,1463,1463,1349,1,NA,1349,1349,320,3,14,
19/06/15 12:00,W,1460,UPDATE,1000,1000,1000,1013,1,NA,1013,1013,343,4,18,
20/06/15 12:00,T,-1,0,NA,-1,NA,282,1,NA,282,282,21,5,17,
21/06/15 12:00,TNW,34,0,NA,34,NA,842,0,NA,842,NA,218,6,14,
22/06/15 12:00,TNW,1861,0,NA,1861,NA,974,0,NA,974,NA,159,2,13,
23/06/15 12:00,T,861,1,NA,861,861,"""NA""",0,NA,"""NA""",NA,179,3,9,
24/06/15 12:00,SW,34,0,NA,34,NA,292,1,NA,292,292,191,2,11,
25/06/15 12:00,HNW,34,UPDATE,900,900,900,1008,1,NA,1008,1008,199,6,12,
26/06/15 12:00,H,1669,0,NA,1669,NA,891,1,NA,891,891,238,8,15,
27/06/15 12:00,H,1955,0,NA,1955,NA,1188,1,NA,1188,1188,223,10,15,
28/06/15 12:00,W,2181,0,NA,2181,NA,906,1,NA,906,906,215,6,14,
29/06/15 12:00,W,1501,0,NA,1501,NA,570,0,NA,570,NA,242,11,15,
30/06/15 12:00,HNW,-1,0,NA,-1,NA,959,0,NA,959,NA,236,8,15,
1/07/15 12:00,W,1521,0,NA,1521,NA,1140,1,NA,1140,1140,236,9,15,
2/07/15 12:00,T,183,0,NA,183,NA,774,1,NA,774,774,258,1,15,
3/07/15 12:00,SW,110,UPDATE,1300,1300,1300,1471,1,NA,1471,NA,18,6,16,
4/07/15 12:00,T,-1,0,NA,-1,NA,302,1,NA,302,302,298,1,14,
5/07/15 12:00,SW,1207,1,NA,1207,1207,1291,1,NA,1291,1291,217,10,14,
6/07/15 12:00,SW,2975,0,NA,2975,NA,613,1,NA,613,613,272,3,16,
7/07/15 12:00,SW,43,0,NA,43,NA,769,1,NA,769,769,306,7,16,
8/07/15 12:00,HW,1393,0,NA,1393,NA,618,1,NA,618,618,137,4,11,
9/07/15 12:00,HW,2262,0,NA,2262,NA,"""NA""",0,NA,"""NA""",NA,196,5,10,
10/07/15 12:00,H,-1,UPDATE,800,800,800,"""NA""",0,NA,"""NA""",NA,184,4,10,
11/07/15 12:00,W,213,0,NA,213,NA,"""NA""",0,NA,"""NA""",NA,200,3,10,
12/07/15 12:00,T,229,0,NA,229,NA,"""NA""",0,NA,"""NA""",NA,229,2,10,
13/07/15 12:00,SW,262,0,NA,262,NA,1437,0,NA,1437,NA,266,1,12,
14/07/15 12:00,T,1767,1,NA,1767,1767,1929,0,NA,1929,NA,51,7,13,
15/07/15 12:00,SW,1460,1,NA,1460,1460,248,0,NA,248,NA,35,9,14,
16/07/15 12:00,SW,1558,0,NA,1558,NA,662,1,NA,662,662,218,5,15,
17/07/15 12:00,SW,1574,1,NA,1574,1574,1237,1,NA,1237,1237,266,4,15,
18/07/15 12:00,HW,441,1,NA,441,441,185,0,NA,185,NA,295,4,12,
19/07/15 12:00,HW,1530,1,NA,1530,1530,1232,1,NA,1232,1232,208,9,12,
20/07/15 12:00,HNW,1540,1,NA,1540,1540,1027,1,NA,1027,1027,242,10,13,
21/07/15 12:00,W,3067,UPDATE,1000,1000,1000,1091,1,NA,1091,1091,210,7,14,
22/07/15 12:00,T,911,1,NA,911,911,"""NA""","""UPDATE""",700,700,700,209,5,14,
23/07/15 12:00,SW,34,0,NA,34,NA,672,1,NA,672,672,267,2,12,
24/07/15 12:00,T,1086,1,NA,1086,1086,774,1,NA,774,774,230,3,12,
25/07/15 12:00,SW,336,0,NA,336,NA,1227,0,NA,1227,NA,45,2,12,
26/07/15 12:00,SW,-1,0,NA,-1,NA,1432,0,NA,1432,NA,29,5,15,
27/07/15 12:00,SW,603,0,NA,603,NA,116,1,NA,116,116,49,6,14,
28/07/15 12:00,HW,-1,0,NA,-1,NA,"""NA""",0,NA,"""NA""",NA,264,8,16,
29/07/15 12:00,HW,109,0,NA,109,NA,1256,0,NA,1256,NA,234,12,14,
30/07/15 12:00,H,1680,1,NA,1680,1680,1534,1,NA,1534,NA,194,4,12,
31/07/15 12:00,W,200,0,NA,200,NA,579,1,NA,579,579,274,1,14,
1/08/15 12:00,HE,2181,UPDATE,1550,1550,1550,1446,1,NA,1446,1446,313,3,15,
2/08/15 12:00,HE,1465,0,NA,1465,NA,725,0,NA,725,NA,287,2,14,
3/08/15 12:00,W,1670,0,NA,1670,NA,979,1,NA,979,979,284,5,17,
4/08/15 12:00,W,-1,0,NA,-1,NA,146,1,NA,146,146,359,4,17,
5/08/15 12:00,TNW,640,0,NA,640,NA,151,1,NA,151,151,69,2,12,
6/08/15 12:00,T,-1,1,NA,-1,-1,984,1,NA,984,984,235,5,16,
7/08/15 12:00,T,1214,0,NA,1214,NA,550,0,NA,550,NA,278,7,13,
8/08/15 12:00,SW,-1,1,NA,-1,-1,1378,1,NA,1378,1378,262,10,14,
9/08/15 12:00,R,315,0,NA,315,NA,847,0,NA,847,NA,302,3,10,
10/08/15 12:00,HSE,315,0,NA,315,NA,920,1,NA,920,920,163,2,11,
11/08/15 12:00,HE,34,UPDATE,800,800,800,984,1,NA,984,984,198,5,10,
12/08/15 12:00,HE,1172,1,NA,1172,1172,988,1,NA,988,988,206,5,12,
13/08/15 12:00,W,34,UPDATE,1400,1400,1400,1461,1,NA,1461,1461,15,2,14,
14/08/15 12:00,W,-1,0,NA,-1,NA,389,1,NA,389,389,38,9,13,
15/08/15 12:00,TNW,34,0,NA,34,NA,380,0,NA,380,NA,259,4,14,
16/08/15 12:00,T,-1,0,NA,-1,NA,813,1,NA,813,813,161,3,14,
17/08/15 12:00,T,34,0,NA,34,NA,911,1,NA,911,911,260,3,14,
18/08/15 12:00,SW,3288,0,NA,3288,NA,818,0,NA,818,NA,33,7,14,
19/08/15 12:00,R,-1,0,NA,-1,NA,881,0,NA,881,NA,299,6,13,
20/08/15 12:00,H,-1,0,NA,-1,NA,287,0,NA,287,NA,243,9,13,
21/08/15 12:00,HE,1288,1,NA,1288,1288,"""NA""",0,NA,"""NA""",NA,182,3,14,
22/08/15 12:00,HE,2328,0,NA,2328,NA,847,1,NA,847,847,55,3,14,
23/08/15 12:00,W,756,1,NA,756,756,"""NA""",0,NA,"""NA""",NA,22,5,16,
24/08/15 12:00,W,-1,0,NA,-1,NA,1895,0,NA,1895,NA,16,5,17,
25/08/15 12:00,TNW,-1,0,NA,-1,NA,126,0,NA,126,NA,332,4,14,
26/08/15 12:00,T,1269,1,NA,1269,1269,1091,1,NA,1091,1091,207,6,15,
27/08/15 12:00,T,1058,1,NA,1058,1058,1052,1,NA,1052,1052,45,4,15,
28/08/15 12:00,SW,51,0,NA,51,NA,228,1,NA,228,228,246,1,16,
29/08/15 12:00,R,34,0,NA,34,NA,1164,0,NA,1164,NA,16,4,15,
30/08/15 12:00,NE,997,1,NA,997,997,443,1,NA,443,443,278,6,16,
31/08/15 12:00,HE,-1,0,NA,-1,NA,209,1,NA,209,209,60,4,15,
1/09/15 12:00,TNW,60,UPDATE,400,400,400,443,1,NA,443,443,323,2,16,
2/09/15 12:00,T,438,0,NA,438,NA,1101,1,NA,1101,1101,320,5,18,
3/09/15 12:00,T,2367,0,NA,2367,NA,935,1,NA,935,935,251,13,13,
4/09/15 12:00,T,1960,0,NA,1960,NA,818,0,NA,818,NA,287,4,13,
5/09/15 12:00,SW,540,1,NA,540,540,511,1,NA,511,511,201,6,13,
6/09/15 12:00,SW,34,0,NA,34,NA,384,0,NA,384,NA,228,10,14,
7/09/15 12:00,HNW,2974,UPDATE,1000,1000,1000,1076,1,NA,1076,1076,228,9,14,
8/09/15 12:00,HNW,1724,1,NA,1724,1724,1602,1,NA,1602,1602,233,9,15,
9/09/15 12:00,W,1663,1,NA,1663,1663,716,0,NA,716,NA,319,3,15,
10/09/15 12:00,SW,-1,0,NA,-1,NA,292,1,NA,292,292,36,6,14,
11/09/15 12:00,TNW,2854,0,NA,2854,NA,492,0,NA,492,NA,222,13,12,
12/09/15 12:00,T,790,1,NA,790,790,"""NA""",0,NA,"""NA""",NA,202,7,12,
13/09/15 12:00,T,1709,1,NA,1709,1709,1510,1,NA,1510,1510,229,8,15,
14/09/15 12:00,T,224,1,NA,224,224,253,1,NA,253,253,261,2,15,
15/09/15 12:00,SW,1124,1,NA,1124,1124,979,1,NA,979,979,238,10,14,
16/09/15 12:00,SW,1225,1,NA,1225,1225,1105,1,NA,1105,1105,239,9,14,
17/09/15 12:00,HNW,556,1,NA,556,556,1588,0,NA,1588,NA,342,4,19,
18/09/15 12:00,HNW,444,0,NA,444,NA,686,1,NA,686,686,315,3,15,
19/09/15 12:00,W,1541,0,NA,1541,NA,974,1,NA,974,974,254,2,16,
20/09/15 12:00,R,2271,0,NA,2271,NA,1140,0,NA,1140,NA,173,3,12,
21/09/15 12:00,TNW,1504,0,NA,1504,NA,97,1,NA,97,97,193,5,14,
22/09/15 12:00,T,-1,0,NA,-1,NA,940,1,NA,940,940,244,3,15,
23/09/15 12:00,T,2138,0,NA,2138,NA,1086,1,NA,1086,1086,243,10,16,
24/09/15 12:00,T,666,0,NA,666,NA,935,1,NA,935,935,285,2,17,
25/09/15 12:00,SW,34,0,NA,34,NA,1213,1,NA,1213,1213,99,3,17,
26/09/15 12:00,SW,868,1,NA,868,868,1627,0,NA,1627,NA,120,4,17,
27/09/15 12:00,HNW,471,1,NA,471,471,"""NA""",0,NA,"""NA""",NA,252,2,17,
28/09/15 12:00,HNW,379,0,NA,379,NA,77,0,NA,77,NA,225,2,14,
29/09/15 12:00,W,249,0,NA,249,NA,"""NA""",0,NA,"""NA""",NA,189,2,17,
30/09/15 12:00,H,832,1,NA,832,832,984,1,NA,984,984,49,5,17,
1/10/15 12:00,W,1328,1,NA,1328,1328,1159,1,NA,1159,1159,341,2,19,
2/10/15 12:00,HNW,34,0,NA,34,NA,760,1,NA,760,760,288,10,18,
3/10/15 12:00,SW,678,1,NA,678,678,886,1,NA,886,886,218,9,16,
4/10/15 12:00,SW,961,1,NA,961,961,808,1,NA,808,808,231,6,18,
5/10/15 12:00,HNW,1380,0,NA,1380,NA,253,1,NA,253,253,217,12,17,
6/10/15 12:00,H,777,1,NA,777,777,131,1,NA,131,NA,214,7,17,
7/10/15 12:00,HNW,779,1,NA,779,779,760,1,NA,760,760,215,4,17,
8/10/15 12:00,H,2753,0,NA,2753,NA,1315,1,NA,1315,1315,216,12,16,
9/10/15 12:00,HNW,860,1,NA,860,860,"""NA""",0,NA,"""NA""",NA,237,3,16,
10/10/15 12:00,HNW,1513,1,NA,1513,1513,1091,1,NA,1091,1091,224,7,15,
11/10/15 12:00,W,1406,1,NA,1406,1406,920,1,NA,920,920,218,8,16,
12/10/15 12:00,HNW,1805,1,NA,1805,1805,1768,1,NA,1768,1768,242,9,18,
13/10/15 12:00,SW,1566,0,NA,1566,NA,857,1,NA,857,857,258,8,20,
14/10/15 12:00,SW,783,1,NA,783,783,881,1,NA,881,881,216,8,16,
15/10/15 12:00,HNW,1027,1,NA,1027,1027,97,"""UPDATE""",1000,1000,1000,221,8,16,
16/10/15 12:00,H,951,1,NA,951,951,789,1,NA,789,789,228,8,15,
17/10/15 12:00,HNW,1068,1,NA,1068,1068,828,1,NA,828,828,243,10,14,
18/10/15 12:00,H,1213,1,NA,1213,1213,1130,1,NA,1130,1130,253,6,17,
19/10/15 12:00,HNW,519,0,NA,519,NA,1442,0,NA,1442,NA,234,14,17,
20/10/15 12:00,HNW,1659,1,NA,1659,1659,282,"""UPDATE""",1350,1350,1350,238,12,15,
21/10/15 12:00,W,1562,0,NA,1562,NA,954,1,NA,954,954,245,8,16,
22/10/15 12:00,HNW,1230,0,NA,1230,NA,730,1,NA,730,730,280,9,18,
23/10/15 12:00,SW,76,0,NA,76,NA,1339,1,NA,1339,1339,274,7,21,
24/10/15 12:00,SW,-1,0,NA,-1,NA,263,1,NA,263,263,211,5,14,
25/10/15 12:00,HNW,961,1,NA,961,961,925,1,NA,925,925,212,8,16,
26/10/15 12:00,H,1406,1,NA,1406,1406,1515,1,NA,1515,1515,237,7,18,
27/10/15 12:00,HNW,1317,1,NA,1317,1317,1081,1,NA,1081,1081,241,11,18,
28/10/15 12:00,H,1383,1,NA,1383,1383,1714,1,NA,1714,1714,281,5,19,
29/10/15 12:00,HNW,862,0,NA,862,NA,311,0,NA,311,NA,52,5,17,
30/10/15 12:00,HNW,533,0,NA,533,NA,1651,0,NA,1651,NA,168,3,16,
31/10/15 12:00,W,1918,0,NA,1918,NA,998,1,NA,998,998,227,7,17,
1/11/15 12:00,H,1340,1,,1340,NA,1178,1,,1178,1178,238,5,19,64
2/11/15 12:00,H,34,UPDATE,1500,1500,1500,993,1,,993,993,239,5,17,66
3/11/15 12:00,H,1567,1,,1567,NA,925,0,,"""NA""",NA,273,6,18,62
4/11/15 12:00,H,2004,0,,NA,NA,1076,0,,"""NA""",NA,239,12,16,74
5/11/15 12:00,H,1759,1,,1759,NA,"""NA""",0,,"""NA""",NA,,,,
6/11/15 12:00,HW,774,0,,1501,1501,"""NA""",0,,"""NA""",NA,220,4,18,55
7/11/15 12:00,HW,1077,0,,NA,NA,"""NA""",0,,"""NA""",NA,232,3,21,54
8/11/15 12:00,HSE,756,1,,756,NA,"""NA""",0,,"""NA""",NA,215,4,19,60
9/11/15 12:00,HSE,1248,1,,1248,NA,896,1,,896,896,238,6,22,71
10/11/15 12:00,HE,942,1,,1502,1502,1091,1,,1091,1091,240,4,22,63
11/11/15 12:00,H,1104,1,,1104,NA,1076,1,,1076,1076,236,8,19,61
12/11/15 12:00,H,1828,1,,1828,NA,857,0,,"""NA""",NA,229,9,19,65
13/11/15 12:00,H,1727,0,,NA,NA,1773,0,,"""NA""",NA,170,3,16,35
14/11/15 12:00,H,1559,1,,1503,1503,1417,0,,"""NA""",NA,278,6,19,49
15/11/15 12:00,H,2237,0,,NA,NA,740,1,,740,740,291,8,19,74
16/11/15 12:00,HW,NA,0,,NA,NA,253,1,,253,253,44,2,17,93
17/11/15 12:00,HW,1496,1,,1496,NA,1281,1,,1281,1281,223,11,17,60
18/11/15 12:00,HSE,1483,1,,1504,1504,1213,1,,1213,1213,220,10,16,59
19/11/15 12:00,HSE,2676,0,,NA,NA,755,1,,755,755,47,9,16,71
20/11/15 12:00,HSE,1896,0,,NA,NA,1407,1,,1407,1407,320,6,20,56
21/11/15 12:00,H,2182,0,,NA,NA,477,1,,477,477,203,3,15,92
22/11/15 12:00,H,1880,1,,1505,1505,1193,1,,1193,1193,244,13,19,72
23/11/15 12:00,H,1123,1,,1123,NA,1169,1,,1169,1169,217,5,19,57
24/11/15 12:00,H,187,UPDATE,1250,187,UPDATE,1286,1,,1286,1286,227,4,21,53
25/11/15 12:00,H,1040,1,,1040,NA,1412,0,,"""NA""",NA,249,2,24,62
26/11/15 12:00,HW,949,1,,1506,1506,891,0,,"""NA""",NA,236,3,22,72
27/11/15 12:00,HW,1362,1,,1362,NA,1563,0,,"""NA""",NA,317,3,25,60
28/11/15 12:00,HSE,2046,0,,NA,NA,906,"""UPDATE""",1000,1000,1000,276,7,23,75
29/11/15 12:00,HSE,841,0,,NA,NA,1076,0,,"""NA""",NA,225,2,21,59
30/11/15 12:00,NE,755,0,,1507,1507,686,1,,686,686,37,6,22,67
1/12/15 12:00,TNW,836,UPDATE,1400,1400,1400,584,1,,584,584,49,6,22,71
2/12/15 12:00,T,1057,UPDATE,1800,1800,1800,886,1,,886,886,46,4,21,59
3/12/15 12:00,T,1472,1,,1472,NA,1510,0,,"""NA""",NA,26,4,21,56
4/12/15 12:00,SW,1692,1,,1508,1508,984,1,,984,984,230,4,22,67
5/12/15 12:00,SW,1080,0,,NA,NA,1388,1,,1388,1388,241,10,21,56
6/12/15 12:00,SW,1654,1,,1654,NA,1529,1,,1529,1529,247,8,22,52
7/12/15 12:00,HNW,2938,0,,NA,NA,1003,1,,1003,1003,274,7,22,71
8/12/15 12:00,HNW,1982,1,,1509,1509,1110,0,,"""NA""",NA,226,11,16,71
9/12/15 12:00,H,1770,1,,1770,NA,950,0,,"""NA""",NA,219,8,19,54
10/12/15 12:00,HSE,152,UPDATE,1400,1400,1400,1208,1,,1208,1208,246,9,19,59
11/12/15 12:00,TNW,NA,0,,NA,NA,682,1,,682,682,236,6,20,83
12/12/15 12:00,T,815,0,,1510,1510,1232,0,,"""NA""",NA,277,9,23,68
13/12/15 12:00,T,1450,0,,NA,NA,1481,1,,1481,1481,243,10,20,66
14/12/15 12:00,SW,1654,UPDATE,1500,1500,1500,1159,1,,1159,1159,216,7,19,55
15/12/15 12:00,SW,1523,1,,1523,NA,1456,1,,1456,1456,239,7,19,66
16/12/15 12:00,SW,1384,1,,1511,1511,1417,0,,"""NA""",NA,239,7,21,64
17/12/15 12:00,HNW,1418,0,,NA,NA,1300,0,,"""NA""",NA,244,7,20,57
18/12/15 12:00,HNW,68,0,,NA,NA,1344,0,,"""NA""",NA,213,7,19,50
19/12/15 12:00,H,1450,1,,1450,NA,1066,1,,1066,1066,215,10,20,71
20/12/15 12:00,HSE,187,0,,1512,1512,"""NaN""",0,,"""NA""",NA,221,7,21,64
21/12/15 12:00,TNW,691,1,,691,NA,1086,1,,1086,1086,244,10,22,69
22/12/15 12:00,T,990,1,,990,NA,1159,1,,1159,1159,248,9,23,64
23/12/15 12:00,T,778,0,,NA,NA,1817,0,,"""NA""",NA,234,5,22,56
24/12/15 12:00,SW,1499,0,,1513,1513,68,0,,"""NA""",NA,57,7,19,73
25/12/15 12:00,SW,1940,1,,1940,NA,789,1,,789,789,214,8,18,73
26/12/15 12:00,SW,1350,0,,NA,NA,,,,"""NA""",NA,247,3,25,63
27/12/15 12:00,HNW,734,1,,734,NA,,,,"""NA""",NA,269,3,25,60
28/12/15 12:00,HNW,756,1,,1514,1514,,,,"""NA""",NA,244,6,23,66
29/12/15 12:00,H,572,1,,572,NA,,,,"""NA""",NA,244,9,22,70
30/12/15 12:00,,1246,0,,NA,NA,,,,"""NA""",NA,53,4,23,62
31/12/15 12:00,TNW,723,0,,NA,NA,,,,"""NA""",NA,,,,