"","station","date","wd","ws","sd_wd","sd_ws","period","freq"
"1",22719,2015-11-01 00:00:00,215,6.1,9,1.3,1,"H"
"2",22719,2015-11-01 01:00:00,221,6.8,9,1.2,1,"H"
"3",22719,2015-11-01 02:00:00,215,6,12,1.6,1,"H"
"4",22719,2015-11-01 03:00:00,207,5.1,12,1.4,1,"H"
"5",22719,2015-11-01 04:00:00,211,4.7,11,1.1,1,"H"
"6",22719,2015-11-01 05:00:00,211,4.9,13,1.4,1,"H"
"7",22719,2015-11-01 06:00:00,212,4.5,12,1,1,"H"
"8",22719,2015-11-01 07:00:00,212,4,13,1.7,1,"H"
"9",22719,2015-11-01 08:00:00,202,3.7,21,1.3,1,"H"
"10",22719,2015-11-01 09:00:00,202,3.8,24,1.4,1,"H"
"11",22719,2015-11-01 10:00:00,217,4.6,18,1.2,1,"H"
"12",22719,2015-11-01 11:00:00,220,4.6,17,1.3,1,"H"
"13",22719,2015-11-01 12:00:00,238,5.1,16,1.3,1,"H"
"14",22719,2015-11-01 13:00:00,243,5.4,14,1,1,"H"
"15",22719,2015-11-01 14:00:00,229,5.4,16,1.3,1,"H"
"16",22719,2015-11-01 15:00:00,236,6.5,11,1,1,"H"
"17",22719,2015-11-01 16:00:00,233,6.5,11,1.1,1,"H"
"18",22719,2015-11-01 17:00:00,240,6.9,9,0.8,1,"H"
"19",22719,2015-11-01 18:00:00,236,6.4,10,0.8,1,"H"
"20",22719,2015-11-01 19:00:00,235,5.2,9,0.5,1,"H"
"21",22719,2015-11-01 20:00:00,218,3.4,11,1.1,1,"H"
"22",22719,2015-11-01 21:00:00,232,1.6,14,0.4,1,"H"
"23",22719,2015-11-01 22:00:00,235,1.3,13,0.4,1,"H"
"24",22719,2015-11-01 23:00:00,255,0.4,1,0.2,1,"H"
"25",22719,2015-11-02 00:00:00,257,0.2,0,0.2,1,"H"
"26",22719,2015-11-02 01:00:00,96,0.9,49,0.3,1,"H"
"27",22719,2015-11-02 02:00:00,56,1,20,0.2,1,"H"
"28",22719,2015-11-02 03:00:00,21,0.4,13,0.2,1,"H"
"29",22719,2015-11-02 04:00:00,70,0.5,17,0.2,1,"H"
"30",22719,2015-11-02 05:00:00,33,1.1,45,0.4,1,"H"
"31",22719,2015-11-02 06:00:00,32,0.8,30,0.2,1,"H"
"32",22719,2015-11-02 07:00:00,15,0.9,44,0.3,1,"H"
"33",22719,2015-11-02 08:00:00,269,2.8,34,1.2,1,"H"
"34",22719,2015-11-02 09:00:00,226,2.3,25,1.3,1,"H"
"35",22719,2015-11-02 10:00:00,269,2.5,23,0.7,1,"H"
"36",22719,2015-11-02 11:00:00,246,4.1,20,1,1,"H"
"37",22719,2015-11-02 12:00:00,239,4.8,13,1,1,"H"
"38",22719,2015-11-02 13:00:00,239,4.6,12,0.9,1,"H"
"39",22719,2015-11-02 14:00:00,240,5.4,9,0.8,1,"H"
"40",22719,2015-11-02 15:00:00,234,7.4,8,0.6,1,"H"
"41",22719,2015-11-02 16:00:00,227,7.7,8,0.8,1,"H"
"42",22719,2015-11-02 17:00:00,231,8.1,8,0.8,1,"H"
"43",22719,2015-11-02 18:00:00,234,7.4,9,1,1,"H"
"44",22719,2015-11-02 19:00:00,239,5.8,9,0.9,1,"H"
"45",22719,2015-11-02 20:00:00,230,3.5,14,0.9,1,"H"
"46",22719,2015-11-02 21:00:00,208,2.6,9,0.5,1,"H"
"47",22719,2015-11-02 22:00:00,292,1.4,53,0.4,1,"H"
"48",22719,2015-11-02 23:00:00,329,2,13,0.4,1,"H"
"49",22719,2015-11-03 00:00:00,304,2.5,11,0.5,1,"H"
"50",22719,2015-11-03 01:00:00,261,3.2,27,1.4,1,"H"
"51",22719,2015-11-03 02:00:00,268,3.3,29,1.1,1,"H"
"52",22719,2015-11-03 03:00:00,254,3.7,22,0.8,1,"H"
"53",22719,2015-11-03 04:00:00,249,3.8,17,0.9,1,"H"
"54",22719,2015-11-03 05:00:00,256,4.4,12,0.8,1,"H"
"55",22719,2015-11-03 06:00:00,260,4.5,12,0.7,1,"H"
"56",22719,2015-11-03 07:00:00,261,3.6,12,0.7,1,"H"
"57",22719,2015-11-03 08:00:00,306,2,17,0.7,1,"H"
"58",22719,2015-11-03 09:00:00,287,4.4,11,1.5,1,"H"
"59",22719,2015-11-03 10:00:00,273,5.5,15,1.4,1,"H"
"60",22719,2015-11-03 11:00:00,272,4.2,15,1.6,1,"H"
"61",22719,2015-11-03 12:00:00,273,5.9,19,1.2,1,"H"
"62",22719,2015-11-03 13:00:00,264,4.7,24,1.4,1,"H"
"63",22719,2015-11-03 14:00:00,234,4.4,20,1.1,1,"H"
"64",22719,2015-11-03 15:00:00,228,4.4,14,1,1,"H"
"65",22719,2015-11-03 16:00:00,280,7.3,11,1,1,"H"
"66",22719,2015-11-03 17:00:00,275,7.1,8,1.7,1,"H"
"67",22719,2015-11-03 18:00:00,283,5.8,11,1.2,1,"H"
"68",22719,2015-11-03 19:00:00,286,6.1,14,1.1,1,"H"
"69",22719,2015-11-03 20:00:00,309,3.8,12,1.1,1,"H"
"70",22719,2015-11-03 21:00:00,306,4.5,12,1.1,1,"H"
"71",22719,2015-11-03 22:00:00,309,4.4,11,1,1,"H"
"72",22719,2015-11-03 23:00:00,317,3.7,15,0.9,1,"H"
"73",22719,2015-11-04 00:00:00,320,3.9,15,1.1,1,"H"
"74",22719,2015-11-04 01:00:00,319,3.1,15,0.7,1,"H"
"75",22719,2015-11-04 02:00:00,331,2.8,21,0.9,1,"H"
"76",22719,2015-11-04 03:00:00,316,3.8,15,1.1,1,"H"
"77",22719,2015-11-04 04:00:00,318,3.6,13,0.9,1,"H"
"78",22719,2015-11-04 05:00:00,319,3.6,14,1.3,1,"H"
"79",22719,2015-11-04 06:00:00,339,4.1,24,1.4,1,"H"
"80",22719,2015-11-04 07:00:00,358,2.8,26,1.2,1,"H"
"81",22719,2015-11-04 08:00:00,230,6.7,44,2.8,1,"H"
"82",22719,2015-11-04 09:00:00,215,9.7,12,2.8,1,"H"
"83",22719,2015-11-04 10:00:00,215,8.3,11,1.4,1,"H"
"84",22719,2015-11-04 11:00:00,231,10.3,10,1.4,1,"H"
"85",22719,2015-11-04 12:00:00,239,12.4,9,1.6,1,"H"
"86",22719,2015-11-04 13:00:00,241,12.7,9,1.5,1,"H"
"87",22719,2015-11-04 14:00:00,244,12.9,10,1.8,1,"H"
"88",22719,2015-11-04 15:00:00,245,13.3,9,1.8,1,"H"
"89",22719,2015-11-04 16:00:00,239,13.8,10,1.7,1,"H"
"90",22719,2015-11-04 17:00:00,236,13.8,9,1.7,1,"H"
"91",22719,2015-11-04 18:00:00,236,14,10,2,1,"H"
"92",22719,2015-11-04 19:00:00,235,13,8,1.9,1,"H"
"93",22719,2015-11-04 20:00:00,190,5.5,37,2.9,1,"H"
"94",22719,2015-11-04 21:00:00,179,2.3,23,1,1,"H"
"95",22719,2015-11-04 22:00:00,166,2.1,28,1,1,"H"
"96",22719,2015-11-04 23:00:00,119,1.1,30,0.5,1,"H"
"97",22719,2015-11-05 00:00:00,185,1.5,19,0.6,1,"H"
"98",22719,2015-11-05 01:00:00,191,2.4,15,0.7,1,"H"
"99",22719,2015-11-05 02:00:00,172,1.8,22,0.8,1,"H"
"100",22719,2015-11-05 03:00:00,185,2.1,22,0.8,1,"H"
"101",22719,2015-11-05 04:00:00,174,1.5,30,0.6,1,"H"
"102",22719,2015-11-05 05:00:00,178,1.2,24,0.6,1,"H"
"103",22719,2015-11-05 06:00:00,156,0.9,27,0.5,1,"H"
"104",22719,2015-11-05 07:00:00,160,1.8,28,0.9,1,"H"
"105",22719,2015-11-05 08:00:00,149,3.5,23,1.4,1,"H"
"106",22719,2015-11-05 09:00:00,146,4.1,23,1.5,1,"H"
"107",22719,2015-11-05 14:00:00,205,5.5,26,1.9,1,"H"
"108",22719,2015-11-05 15:00:00,222,6.5,12,1.2,1,"H"
"109",22719,2015-11-05 16:00:00,222,6.7,12,1.1,1,"H"
"110",22719,2015-11-05 17:00:00,218,6.9,11,1.3,1,"H"
"111",22719,2015-11-05 18:00:00,214,6,13,1.4,1,"H"
"112",22719,2015-11-05 19:00:00,208,4.1,14,1.3,1,"H"
"113",22719,2015-11-05 20:00:00,196,2.8,15,0.9,1,"H"
"114",22719,2015-11-05 21:00:00,179,2.1,26,0.9,1,"H"
"115",22719,2015-11-05 22:00:00,140,2.6,13,0.7,1,"H"
"116",22719,2015-11-05 23:00:00,148,2.9,19,0.9,1,"H"
"117",22719,2015-11-06 00:00:00,146,3.2,18,1,1,"H"
"118",22719,2015-11-06 01:00:00,145,2.9,18,1,1,"H"
"119",22719,2015-11-06 02:00:00,150,2.2,22,0.9,1,"H"
"120",22719,2015-11-06 03:00:00,160,1.5,31,0.7,1,"H"
"121",22719,2015-11-06 04:00:00,142,1.7,18,0.9,1,"H"
"122",22719,2015-11-06 05:00:00,88,0.7,72,0.4,1,"H"
"123",22719,2015-11-06 06:00:00,119,0.9,40,0.6,1,"H"
"124",22719,2015-11-06 07:00:00,150,2,29,0.6,1,"H"
"125",22719,2015-11-06 08:00:00,168,1.8,28,0.6,1,"H"
"126",22719,2015-11-06 09:00:00,188,2.6,28,1,1,"H"
"127",22719,2015-11-06 10:00:00,194,2.5,34,1,1,"H"
"128",22719,2015-11-06 11:00:00,209,3,41,1.3,1,"H"
"129",22719,2015-11-06 12:00:00,220,3.8,18,1.2,1,"H"
"130",22719,2015-11-06 13:00:00,219,5.4,18,1.4,1,"H"
"131",22719,2015-11-06 14:00:00,219,6.8,14,1.7,1,"H"
"132",22719,2015-11-06 15:00:00,228,6.7,13,1.1,1,"H"
"133",22719,2015-11-06 16:00:00,245,7.6,10,1,1,"H"
"134",22719,2015-11-06 17:00:00,240,7.5,8,0.8,1,"H"
"135",22719,2015-11-06 18:00:00,240,7.5,7,0.8,1,"H"
"136",22719,2015-11-06 19:00:00,220,5.4,13,1.1,1,"H"
"137",22719,2015-11-06 20:00:00,211,3.4,11,0.8,1,"H"
"138",22719,2015-11-06 21:00:00,209,2.5,10,0.8,1,"H"
"139",22719,2015-11-06 22:00:00,142,1.2,66,0.5,1,"H"
"140",22719,2015-11-06 23:00:00,75,0.8,11,0.5,1,"H"
"141",22719,2015-11-07 00:00:00,122,0.5,63,0.3,1,"H"
"142",22719,2015-11-07 01:00:00,34,0.4,6,0.2,1,"H"
"143",22719,2015-11-07 02:00:00,106,0.6,30,0.5,1,"H"
"144",22719,2015-11-07 03:00:00,117,0.7,13,0.6,1,"H"
"145",22719,2015-11-07 04:00:00,146,0.7,17,0.5,1,"H"
"146",22719,2015-11-07 05:00:00,73,0.8,72,0.3,1,"H"
"147",22719,2015-11-07 06:00:00,352,0.5,69,0.3,1,"H"
"148",22719,2015-11-07 07:00:00,251,0.7,59,0.4,1,"H"
"149",22719,2015-11-07 08:00:00,236,2.6,13,0.6,1,"H"
"150",22719,2015-11-07 09:00:00,251,2.7,10,0.5,1,"H"
"151",22719,2015-11-07 10:00:00,253,2.7,13,0.6,1,"H"
"152",22719,2015-11-07 11:00:00,248,3,15,0.8,1,"H"
"153",22719,2015-11-07 12:00:00,232,3.2,23,0.9,1,"H"
"154",22719,2015-11-07 13:00:00,241,4.8,14,1,1,"H"
"155",22719,2015-11-07 14:00:00,234,7.7,10,1.1,1,"H"
"156",22719,2015-11-07 15:00:00,236,9.5,8,0.9,1,"H"
"157",22719,2015-11-07 16:00:00,236,9.3,9,0.8,1,"H"
"158",22719,2015-11-07 17:00:00,241,9.2,8,1,1,"H"
"159",22719,2015-11-07 18:00:00,223,7.7,11,1.2,1,"H"
"160",22719,2015-11-07 19:00:00,216,5.5,11,1.5,1,"H"
"161",22719,2015-11-07 20:00:00,218,4.3,9,0.8,1,"H"
"162",22719,2015-11-07 21:00:00,220,4.4,9,0.9,1,"H"
"163",22719,2015-11-07 22:00:00,213,4.3,10,0.8,1,"H"
"164",22719,2015-11-07 23:00:00,216,4.4,10,1.3,1,"H"
"165",22719,2015-11-08 00:00:00,220,3.6,8,0.7,1,"H"
"166",22719,2015-11-08 01:00:00,215,3.2,8,0.7,1,"H"
"167",22719,2015-11-08 02:00:00,209,2.4,12,0.5,1,"H"
"168",22719,2015-11-08 03:00:00,210,3.1,13,0.8,1,"H"
"169",22719,2015-11-08 04:00:00,219,3.2,8,0.7,1,"H"
"170",22719,2015-11-08 05:00:00,224,3.7,8,0.7,1,"H"
"171",22719,2015-11-08 06:00:00,218,3.5,15,0.7,1,"H"
"172",22719,2015-11-08 07:00:00,221,4.4,9,0.8,1,"H"
"173",22719,2015-11-08 08:00:00,217,5,11,1,1,"H"
"174",22719,2015-11-08 09:00:00,208,3.4,26,1.2,1,"H"
"175",22719,2015-11-08 10:00:00,212,3.6,21,1.2,1,"H"
"176",22719,2015-11-08 11:00:00,221,3.8,21,1.2,1,"H"
"177",22719,2015-11-08 12:00:00,215,4.3,19,1.1,1,"H"
"178",22719,2015-11-08 13:00:00,215,5.1,17,1.4,1,"H"
"179",22719,2015-11-08 14:00:00,213,5.3,17,1.4,1,"H"
"180",22719,2015-11-08 15:00:00,229,8.1,14,1.7,1,"H"
"181",22719,2015-11-08 16:00:00,230,9.3,8,1,1,"H"
"182",22719,2015-11-08 17:00:00,232,9.3,7,0.9,1,"H"
"183",22719,2015-11-08 18:00:00,229,7.1,9,1.1,1,"H"
"184",22719,2015-11-08 19:00:00,227,6,10,0.8,1,"H"
"185",22719,2015-11-08 20:00:00,238,6.1,12,1,1,"H"
"186",22719,2015-11-08 21:00:00,254,4.2,14,0.8,1,"H"
"187",22719,2015-11-08 22:00:00,262,3.4,11,0.7,1,"H"
"188",22719,2015-11-08 23:00:00,263,3.1,12,0.6,1,"H"
"189",22719,2015-11-09 00:00:00,262,2.5,11,0.5,1,"H"
"190",22719,2015-11-09 01:00:00,268,1.1,20,0.4,1,"H"
"191",22719,2015-11-09 02:00:00,48,0.4,39,0.3,1,"H"
"192",22719,2015-11-09 03:00:00,5,0.4,23,0.2,1,"H"
"193",22719,2015-11-09 04:00:00,323,0.4,36,0.2,1,"H"
"194",22719,2015-11-09 05:00:00,65,1,12,0.3,1,"H"
"195",22719,2015-11-09 06:00:00,90,0.9,14,0.2,1,"H"
"196",22719,2015-11-09 07:00:00,77,1,24,0.3,1,"H"
"197",22719,2015-11-09 08:00:00,40,1.1,83,0.3,1,"H"
"198",22719,2015-11-09 09:00:00,223,1.5,14,0.5,1,"H"
"199",22719,2015-11-09 10:00:00,231,2.2,9,0.7,1,"H"
"200",22719,2015-11-09 11:00:00,234,4.9,8,0.8,1,"H"
"201",22719,2015-11-09 12:00:00,238,5.8,9,0.7,1,"H"
"202",22719,2015-11-09 13:00:00,238,5.4,11,0.9,1,"H"
"203",22719,2015-11-09 14:00:00,236,5.9,11,1.1,1,"H"
"204",22719,2015-11-09 15:00:00,232,5.7,14,1.2,1,"H"
"205",22719,2015-11-09 16:00:00,238,8,8,0.8,1,"H"
"206",22719,2015-11-09 17:00:00,238,7.5,8,0.8,1,"H"
"207",22719,2015-11-09 18:00:00,234,7,9,1,1,"H"
"208",22719,2015-11-09 19:00:00,242,5.5,10,0.8,1,"H"
"209",22719,2015-11-09 20:00:00,225,4.1,17,1.1,1,"H"
"210",22719,2015-11-09 21:00:00,234,4,15,0.6,1,"H"
"211",22719,2015-11-09 22:00:00,227,2.8,25,0.9,1,"H"
"212",22719,2015-11-09 23:00:00,232,2.8,19,0.7,1,"H"
"213",22719,2015-11-10 00:00:00,235,2.4,25,0.7,1,"H"
"214",22719,2015-11-10 01:00:00,207,2.7,10,0.5,1,"H"
"215",22719,2015-11-10 02:00:00,212,2.3,8,0.4,1,"H"
"216",22719,2015-11-10 03:00:00,217,1.7,8,0.4,1,"H"
"217",22719,2015-11-10 04:00:00,224,1.5,17,0.3,1,"H"
"218",22719,2015-11-10 05:00:00,171,1.1,60,0.5,1,"H"
"219",22719,2015-11-10 06:00:00,83,0.9,15,0.3,1,"H"
"220",22719,2015-11-10 07:00:00,67,0.9,26,0.3,1,"H"
"221",22719,2015-11-10 08:00:00,285,1.3,31,0.4,1,"H"
"222",22719,2015-11-10 09:00:00,254,2,14,0.6,1,"H"
"223",22719,2015-11-10 10:00:00,242,2.6,13,0.5,1,"H"
"224",22719,2015-11-10 11:00:00,243,3.6,9,0.6,1,"H"
"225",22719,2015-11-10 12:00:00,240,3.5,13,0.7,1,"H"
"226",22719,2015-11-10 13:00:00,230,5.1,12,1.2,1,"H"
"227",22719,2015-11-10 14:00:00,231,5.2,14,1,1,"H"
"228",22719,2015-11-10 15:00:00,227,5.6,16,1.3,1,"H"
"229",22719,2015-11-10 16:00:00,236,6,11,0.9,1,"H"
"230",22719,2015-11-10 17:00:00,230,6.1,11,0.9,1,"H"
"231",22719,2015-11-10 18:00:00,233,6.8,8,0.9,1,"H"
"232",22719,2015-11-10 19:00:00,224,6.8,9,0.9,1,"H"
"233",22719,2015-11-10 20:00:00,218,4.8,10,1.2,1,"H"
"234",22719,2015-11-10 21:00:00,212,4.2,11,1.1,1,"H"
"235",22719,2015-11-10 22:00:00,212,3.8,12,1,1,"H"
"236",22719,2015-11-10 23:00:00,208,3.4,12,1,1,"H"
"237",22719,2015-11-11 00:00:00,219,3.9,11,0.8,1,"H"
"238",22719,2015-11-11 01:00:00,249,4.6,13,0.8,1,"H"
"239",22719,2015-11-11 02:00:00,240,5.1,16,1.1,1,"H"
"240",22719,2015-11-11 03:00:00,256,4.2,9,0.8,1,"H"
"241",22719,2015-11-11 04:00:00,262,3.5,13,0.6,1,"H"
"242",22719,2015-11-11 05:00:00,252,4.6,12,1.3,1,"H"
"243",22719,2015-11-11 06:00:00,232,6.4,9,0.9,1,"H"
"244",22719,2015-11-11 07:00:00,230,6.4,9,1.2,1,"H"
"245",22719,2015-11-11 08:00:00,232,6.7,9,0.9,1,"H"
"246",22719,2015-11-11 09:00:00,240,7.9,10,1.1,1,"H"
"247",22719,2015-11-11 10:00:00,235,8,9,0.8,1,"H"
"248",22719,2015-11-11 11:00:00,237,7.5,9,0.9,1,"H"
"249",22719,2015-11-11 12:00:00,236,8,8,1.2,1,"H"
"250",22719,2015-11-11 13:00:00,231,9.2,8,1.3,1,"H"
"251",22719,2015-11-11 14:00:00,232,10.1,8,1,1,"H"
"252",22719,2015-11-11 15:00:00,240,8.9,8,0.9,1,"H"
"253",22719,2015-11-11 16:00:00,230,8.6,14,1.4,1,"H"
"254",22719,2015-11-11 17:00:00,226,8.2,12,1.2,1,"H"
"255",22719,2015-11-11 18:00:00,222,7.9,8,1.1,1,"H"
"256",22719,2015-11-11 19:00:00,220,6.9,9,1.1,1,"H"
"257",22719,2015-11-11 20:00:00,226,7.2,6,0.9,1,"H"
"258",22719,2015-11-11 21:00:00,225,7.1,7,0.9,1,"H"
"259",22719,2015-11-11 22:00:00,224,7.2,7,1,1,"H"
"260",22719,2015-11-11 23:00:00,225,7.2,7,0.9,1,"H"
"261",22719,2015-11-12 00:00:00,227,7,8,1.1,1,"H"
"262",22719,2015-11-12 01:00:00,217,6.1,10,1.2,1,"H"
"263",22719,2015-11-12 02:00:00,220,5.7,10,1,1,"H"
"264",22719,2015-11-12 03:00:00,214,6.1,11,1.3,1,"H"
"265",22719,2015-11-12 04:00:00,212,5.9,12,1.3,1,"H"
"266",22719,2015-11-12 05:00:00,211,5.2,12,1.2,1,"H"
"267",22719,2015-11-12 06:00:00,212,6.3,13,1.9,1,"H"
"268",22719,2015-11-12 07:00:00,216,6.5,11,1.4,1,"H"
"269",22719,2015-11-12 08:00:00,217,7.7,10,1.5,1,"H"
"270",22719,2015-11-12 09:00:00,218,9.1,11,1.6,1,"H"
"271",22719,2015-11-12 10:00:00,216,8.2,11,1.6,1,"H"
"272",22719,2015-11-12 11:00:00,219,8.3,14,1.6,1,"H"
"273",22719,2015-11-12 12:00:00,229,8.6,11,1.1,1,"H"
"274",22719,2015-11-12 13:00:00,236,8.8,8,0.9,1,"H"
"275",22719,2015-11-12 14:00:00,238,8.6,10,1,1,"H"
"276",22719,2015-11-12 15:00:00,228,7.9,11,1,1,"H"
"277",22719,2015-11-12 16:00:00,222,8.6,11,1.3,1,"H"
"278",22719,2015-11-12 17:00:00,215,8,12,1.7,1,"H"
"279",22719,2015-11-12 18:00:00,199,6.4,29,2.1,1,"H"
"280",22719,2015-11-12 19:00:00,110,4.6,41,1.4,1,"H"
"281",22719,2015-11-12 20:00:00,86,2.5,27,0.9,1,"H"
"282",22719,2015-11-12 21:00:00,117,4,17,1.2,1,"H"
"283",22719,2015-11-12 22:00:00,125,2.5,13,0.6,1,"H"
"284",22719,2015-11-12 23:00:00,131,2.6,10,0.6,1,"H"
"285",22719,2015-11-13 00:00:00,143,1.9,18,0.6,1,"H"
"286",22719,2015-11-13 01:00:00,150,1.9,25,0.7,1,"H"
"287",22719,2015-11-13 02:00:00,135,2.9,13,1.1,1,"H"
"288",22719,2015-11-13 03:00:00,135,3.3,12,0.8,1,"H"
"289",22719,2015-11-13 04:00:00,153,1.9,25,0.9,1,"H"
"290",22719,2015-11-13 05:00:00,158,1.7,27,0.7,1,"H"
"291",22719,2015-11-13 06:00:00,179,1.8,23,0.8,1,"H"
"292",22719,2015-11-13 07:00:00,165,2.5,24,0.9,1,"H"
"293",22719,2015-11-13 08:00:00,148,3.6,23,1.3,1,"H"
"294",22719,2015-11-13 09:00:00,168,3,28,1.2,1,"H"
"295",22719,2015-11-13 10:00:00,162,3.2,29,1.3,1,"H"
"296",22719,2015-11-13 11:00:00,156,3.4,31,1.3,1,"H"
"297",22719,2015-11-13 12:00:00,170,3.3,34,1.3,1,"H"
"298",22719,2015-11-13 13:00:00,187,3.4,31,1.2,1,"H"
"299",22719,2015-11-13 14:00:00,175,3,42,1.2,1,"H"
"300",22719,2015-11-13 15:00:00,239,7.3,14,1.5,1,"H"
"301",22719,2015-11-13 16:00:00,226,6.1,13,1.2,1,"H"
"302",22719,2015-11-13 17:00:00,221,5.2,17,1.1,1,"H"
"303",22719,2015-11-13 18:00:00,216,4.5,14,1.1,1,"H"
"304",22719,2015-11-13 19:00:00,218,4.3,9,0.7,1,"H"
"305",22719,2015-11-13 20:00:00,224,3,7,0.7,1,"H"
"306",22719,2015-11-13 21:00:00,217,3,10,0.6,1,"H"
"307",22719,2015-11-13 22:00:00,203,1.7,11,0.5,1,"H"
"308",22719,2015-11-13 23:00:00,188,1.4,23,0.5,1,"H"
"309",22719,2015-11-14 00:00:00,100,1.3,17,0.5,1,"H"
"310",22719,2015-11-14 01:00:00,81,1.1,15,0.2,1,"H"
"311",22719,2015-11-14 02:00:00,76,1.5,11,0.2,1,"H"
"312",22719,2015-11-14 03:00:00,42,1.3,47,0.4,1,"H"
"313",22719,2015-11-14 04:00:00,4,1,28,0.6,1,"H"
"314",22719,2015-11-14 05:00:00,53,0.7,53,0.4,1,"H"
"315",22719,2015-11-14 06:00:00,89,0.8,47,0.3,1,"H"
"316",22719,2015-11-14 07:00:00,24,0.7,79,0.5,1,"H"
"317",22719,2015-11-14 08:00:00,327,2.4,24,1,1,"H"
"318",22719,2015-11-14 09:00:00,310,3.1,22,0.9,1,"H"
"319",22719,2015-11-14 10:00:00,288,4.3,15,1.4,1,"H"
"320",22719,2015-11-14 11:00:00,275,5.1,13,0.8,1,"H"
"321",22719,2015-11-14 12:00:00,278,5.8,11,1.2,1,"H"
"322",22719,2015-11-14 13:00:00,270,5.8,9,1.1,1,"H"
"323",22719,2015-11-14 14:00:00,274,6,10,1,1,"H"
"324",22719,2015-11-14 15:00:00,275,6.5,10,1.2,1,"H"
"325",22719,2015-11-14 16:00:00,275,6.6,14,1.2,1,"H"
"326",22719,2015-11-14 17:00:00,274,6,14,1.2,1,"H"
"327",22719,2015-11-14 18:00:00,259,5.3,12,1,1,"H"
"328",22719,2015-11-14 19:00:00,270,4.4,9,0.6,1,"H"
"329",22719,2015-11-14 20:00:00,299,2.3,19,0.5,1,"H"
"330",22719,2015-11-14 21:00:00,321,2,8,0.3,1,"H"
"331",22719,2015-11-14 22:00:00,322,1.7,12,0.3,1,"H"
"332",22719,2015-11-14 23:00:00,329,1.9,10,0.4,1,"H"
"333",22719,2015-11-15 00:00:00,324,1.8,8,0.3,1,"H"
"334",22719,2015-11-15 01:00:00,333,1.6,14,0.4,1,"H"
"335",22719,2015-11-15 02:00:00,342,1.8,22,0.8,1,"H"
"336",22719,2015-11-15 03:00:00,336,2.7,17,0.7,1,"H"
"337",22719,2015-11-15 04:00:00,343,2.2,21,0.7,1,"H"
"338",22719,2015-11-15 05:00:00,327,3.1,17,0.9,1,"H"
"339",22719,2015-11-15 06:00:00,323,3.9,13,0.9,1,"H"
"340",22719,2015-11-15 07:00:00,317,3.8,11,0.8,1,"H"
"341",22719,2015-11-15 08:00:00,316,4,13,0.9,1,"H"
"342",22719,2015-11-15 09:00:00,312,3.6,16,1,1,"H"
"343",22719,2015-11-15 10:00:00,298,6.4,10,1.5,1,"H"
"344",22719,2015-11-15 11:00:00,293,7.8,10,1.3,1,"H"
"345",22719,2015-11-15 12:00:00,291,7.9,8,1.1,1,"H"
"346",22719,2015-11-15 13:00:00,280,8,8,1,1,"H"
"347",22719,2015-11-15 14:00:00,279,8.5,7,0.9,1,"H"
"348",22719,2015-11-15 15:00:00,280,7.6,7,0.9,1,"H"
"349",22719,2015-11-15 16:00:00,279,8.3,8,1.1,1,"H"
"350",22719,2015-11-15 17:00:00,292,6.8,9,1.3,1,"H"
"351",22719,2015-11-15 18:00:00,285,6,9,0.8,1,"H"
"352",22719,2015-11-15 19:00:00,280,5.2,7,1,1,"H"
"353",22719,2015-11-15 20:00:00,287,4.1,10,0.8,1,"H"
"354",22719,2015-11-15 21:00:00,297,4.5,9,1,1,"H"
"355",22719,2015-11-15 22:00:00,318,2.5,13,0.6,1,"H"
"356",22719,2015-11-15 23:00:00,315,2,9,0.4,1,"H"
"357",22719,2015-11-16 00:00:00,345,1.1,28,0.4,1,"H"
"358",22719,2015-11-16 01:00:00,349,1.4,29,0.4,1,"H"
"359",22719,2015-11-16 02:00:00,8,1.9,24,0.6,1,"H"
"360",22719,2015-11-16 03:00:00,25,2.7,16,0.5,1,"H"
"361",22719,2015-11-16 04:00:00,32,2.6,15,0.4,1,"H"
"362",22719,2015-11-16 05:00:00,39,2.7,13,0.5,1,"H"
"363",22719,2015-11-16 06:00:00,41,3.1,12,0.5,1,"H"
"364",22719,2015-11-16 07:00:00,43,3.2,12,0.7,1,"H"
"365",22719,2015-11-16 08:00:00,20,2.9,21,0.8,1,"H"
"366",22719,2015-11-16 09:00:00,26,2.9,19,0.7,1,"H"
"367",22719,2015-11-16 10:00:00,26,2.6,22,0.7,1,"H"
"368",22719,2015-11-16 11:00:00,33,2.3,17,0.6,1,"H"
"369",22719,2015-11-16 12:00:00,44,2.3,13,0.7,1,"H"
"370",22719,2015-11-16 13:00:00,69,1.3,50,0.8,1,"H"
"371",22719,2015-11-16 14:00:00,163,2.1,30,0.7,1,"H"
"372",22719,2015-11-16 15:00:00,214,3.6,16,1.1,1,"H"
"373",22719,2015-11-16 16:00:00,238,4.5,14,0.6,1,"H"
"374",22719,2015-11-16 17:00:00,227,8.2,11,2.2,1,"H"
"375",22719,2015-11-16 18:00:00,219,8.4,9,1.4,1,"H"
"376",22719,2015-11-16 19:00:00,219,7,8,1.4,1,"H"
"377",22719,2015-11-16 20:00:00,226,5.9,9,1.2,1,"H"
"378",22719,2015-11-16 21:00:00,230,7.6,5,0.8,1,"H"
"379",22719,2015-11-16 22:00:00,220,7.1,9,1.1,1,"H"
"380",22719,2015-11-16 23:00:00,219,6.5,9,1,1,"H"
"381",22719,2015-11-17 00:00:00,218,5.9,10,1.3,1,"H"
"382",22719,2015-11-17 01:00:00,226,9.5,9,1.4,1,"H"
"383",22719,2015-11-17 02:00:00,229,10,7,1,1,"H"
"384",22719,2015-11-17 03:00:00,229,10.1,7,1.2,1,"H"
"385",22719,2015-11-17 04:00:00,219,7.1,10,1.6,1,"H"
"386",22719,2015-11-17 05:00:00,230,9,11,1.8,1,"H"
"387",22719,2015-11-17 06:00:00,227,8.7,7,1.8,1,"H"
"388",22719,2015-11-17 07:00:00,234,8.1,7,1.4,1,"H"
"389",22719,2015-11-17 08:00:00,234,9.3,7,1,1,"H"
"390",22719,2015-11-17 09:00:00,223,10.5,8,1.4,1,"H"
"391",22719,2015-11-17 10:00:00,223,10.8,10,1.7,1,"H"
"392",22719,2015-11-17 11:00:00,230,11.8,10,1.6,1,"H"
"393",22719,2015-11-17 12:00:00,223,11.4,9,1.7,1,"H"
"394",22719,2015-11-17 13:00:00,226,11,10,1.4,1,"H"
"395",22719,2015-11-17 14:00:00,232,11.9,8,1.4,1,"H"
"396",22719,2015-11-17 15:00:00,225,11.8,9,1.5,1,"H"
"397",22719,2015-11-17 16:00:00,222,11.7,9,1.8,1,"H"
"398",22719,2015-11-17 17:00:00,228,11.7,8,1.3,1,"H"
"399",22719,2015-11-17 18:00:00,228,11.2,8,1.4,1,"H"
"400",22719,2015-11-17 19:00:00,229,10.3,7,1.4,1,"H"
"401",22719,2015-11-17 20:00:00,232,9.6,7,1.2,1,"H"
"402",22719,2015-11-17 21:00:00,233,8.6,6,1.3,1,"H"
"403",22719,2015-11-17 22:00:00,232,8.4,8,1.2,1,"H"
"404",22719,2015-11-17 23:00:00,230,8.8,7,1.1,1,"H"
"405",22719,2015-11-18 00:00:00,225,9.7,7,1.4,1,"H"
"406",22719,2015-11-18 01:00:00,222,9.5,8,1.3,1,"H"
"407",22719,2015-11-18 02:00:00,220,9.7,9,1.4,1,"H"
"408",22719,2015-11-18 03:00:00,227,9.1,8,1.5,1,"H"
"409",22719,2015-11-18 04:00:00,234,10.2,8,1.1,1,"H"
"410",22719,2015-11-18 05:00:00,218,7.3,10,1.5,1,"H"
"411",22719,2015-11-18 06:00:00,220,7.5,8,1.4,1,"H"
"412",22719,2015-11-18 07:00:00,223,7.9,10,1.4,1,"H"
"413",22719,2015-11-18 08:00:00,219,7.6,11,1.6,1,"H"
"414",22719,2015-11-18 09:00:00,212,8.1,12,2,1,"H"
"415",22719,2015-11-18 10:00:00,213,8.6,13,1.8,1,"H"
"416",22719,2015-11-18 11:00:00,210,8.7,12,2,1,"H"
"417",22719,2015-11-18 12:00:00,220,9.7,12,1.8,1,"H"
"418",22719,2015-11-18 13:00:00,216,9,11,1.7,1,"H"
"419",22719,2015-11-18 14:00:00,219,9.3,12,1.7,1,"H"
"420",22719,2015-11-18 15:00:00,221,9.2,11,1.5,1,"H"
"421",22719,2015-11-18 16:00:00,216,8.3,13,1.8,1,"H"
"422",22719,2015-11-18 17:00:00,223,8.7,10,1.2,1,"H"
"423",22719,2015-11-18 18:00:00,223,8.3,11,1.3,1,"H"
"424",22719,2015-11-18 19:00:00,226,7.4,9,1.2,1,"H"
"425",22719,2015-11-18 20:00:00,224,5.9,7,0.7,1,"H"
"426",22719,2015-11-18 21:00:00,217,3.6,7,0.7,1,"H"
"427",22719,2015-11-18 22:00:00,225,1.4,28,1,1,"H"
"428",22719,2015-11-18 23:00:00,69,0.9,36,0.4,1,"H"
"429",22719,2015-11-19 00:00:00,54,0.8,8,0.6,1,"H"
"430",22719,2015-11-19 01:00:00,61,0.5,22,0.2,1,"H"
"431",22719,2015-11-19 02:00:00,39,0.6,53,0.2,1,"H"
"432",22719,2015-11-19 03:00:00,95,1.2,26,0.4,1,"H"
"433",22719,2015-11-19 04:00:00,83,1.2,16,0.3,1,"H"
"434",22719,2015-11-19 05:00:00,72,1.3,25,0.3,1,"H"
"435",22719,2015-11-19 06:00:00,73,1.1,21,0.4,1,"H"
"436",22719,2015-11-19 07:00:00,88,1.3,20,1,1,"H"
"437",22719,2015-11-19 08:00:00,68,4.6,16,1.3,1,"H"
"438",22719,2015-11-19 09:00:00,65,6.1,14,1.4,1,"H"
"439",22719,2015-11-19 10:00:00,59,6.8,15,1.5,1,"H"
"440",22719,2015-11-19 11:00:00,61,6.7,13,1.7,1,"H"
"441",22719,2015-11-19 12:00:00,47,9.2,13,1.6,1,"H"
"442",22719,2015-11-19 13:00:00,47,8.4,13,1.4,1,"H"
"443",22719,2015-11-19 14:00:00,46,8.2,12,1.3,1,"H"
"444",22719,2015-11-19 15:00:00,39,8.3,14,1.7,1,"H"
"445",22719,2015-11-19 16:00:00,37,9.5,13,1.5,1,"H"
"446",22719,2015-11-19 17:00:00,35,8.1,14,1.4,1,"H"
"447",22719,2015-11-19 18:00:00,30,7,14,1.3,1,"H"
"448",22719,2015-11-19 19:00:00,31,7.1,13,1.3,1,"H"
"449",22719,2015-11-19 20:00:00,32,6.6,13,1.1,1,"H"
"450",22719,2015-11-19 21:00:00,30,6,15,1.2,1,"H"
"451",22719,2015-11-19 22:00:00,33,6.6,13,1.2,1,"H"
"452",22719,2015-11-19 23:00:00,29,6.1,14,1.2,1,"H"
"453",22719,2015-11-20 00:00:00,36,5.9,12,1,1,"H"
"454",22719,2015-11-20 01:00:00,33,4.7,14,1,1,"H"
"455",22719,2015-11-20 02:00:00,35,4.9,12,0.8,1,"H"
"456",22719,2015-11-20 03:00:00,36,4.3,12,0.7,1,"H"
"457",22719,2015-11-20 04:00:00,30,4.9,14,0.8,1,"H"
"458",22719,2015-11-20 05:00:00,29,5.6,14,1.1,1,"H"
"459",22719,2015-11-20 06:00:00,23,4.4,20,1.2,1,"H"
"460",22719,2015-11-20 07:00:00,12,4.4,22,1.3,1,"H"
"461",22719,2015-11-20 08:00:00,16,5.8,21,1.5,1,"H"
"462",22719,2015-11-20 09:00:00,344,4,30,1.5,1,"H"
"463",22719,2015-11-20 10:00:00,334,4,19,1.1,1,"H"
"464",22719,2015-11-20 11:00:00,325,4.4,18,1.1,1,"H"
"465",22719,2015-11-20 12:00:00,320,5.7,18,1.4,1,"H"
"466",22719,2015-11-20 13:00:00,307,6.7,14,1.8,1,"H"
"467",22719,2015-11-20 14:00:00,310,7.5,13,1.8,1,"H"
"468",22719,2015-11-20 15:00:00,314,6.2,16,1.7,1,"H"
"469",22719,2015-11-20 16:00:00,296,8.7,12,2.2,1,"H"
"470",22719,2015-11-20 17:00:00,303,7.4,11,2,1,"H"
"471",22719,2015-11-20 18:00:00,306,6.2,11,1.4,1,"H"
"472",22719,2015-11-20 19:00:00,303,6.7,12,1.7,1,"H"
"473",22719,2015-11-20 20:00:00,301,8,10,1.6,1,"H"
"474",22719,2015-11-20 21:00:00,296,8.8,9,1.6,1,"H"
"475",22719,2015-11-20 22:00:00,296,7.3,9,1.3,1,"H"
"476",22719,2015-11-20 23:00:00,288,8.4,7,1.2,1,"H"
"477",22719,2015-11-21 00:00:00,278,8.4,10,1.2,1,"H"
"478",22719,2015-11-21 01:00:00,287,9.6,8,1.2,1,"H"
"479",22719,2015-11-21 02:00:00,283,8.4,9,1.3,1,"H"
"480",22719,2015-11-21 03:00:00,287,7,10,1.1,1,"H"
"481",22719,2015-11-21 04:00:00,262,7.6,9,1.6,1,"H"
"482",22719,2015-11-21 05:00:00,264,9.3,9,1.4,1,"H"
"483",22719,2015-11-21 06:00:00,260,7.3,8,1.1,1,"H"
"484",22719,2015-11-21 07:00:00,262,6.8,11,1.3,1,"H"
"485",22719,2015-11-21 08:00:00,258,6.9,12,1.2,1,"H"
"486",22719,2015-11-21 09:00:00,248,5.2,14,1,1,"H"
"487",22719,2015-11-21 10:00:00,211,3.3,15,1.2,1,"H"
"488",22719,2015-11-21 11:00:00,228,4,9,0.8,1,"H"
"489",22719,2015-11-21 12:00:00,203,2.8,19,1.1,1,"H"
"490",22719,2015-11-21 13:00:00,224,2.6,56,2.9,1,"H"
"491",22719,2015-11-21 14:00:00,260,6.3,10,1.1,1,"H"
"492",22719,2015-11-21 15:00:00,294,8.4,16,3.2,1,"H"
"493",22719,2015-11-21 16:00:00,304,7.5,13,2,1,"H"
"494",22719,2015-11-21 17:00:00,307,7.8,13,1.8,1,"H"
"495",22719,2015-11-21 18:00:00,300,11.6,11,2.8,1,"H"
"496",22719,2015-11-21 19:00:00,294,13.5,9,2.1,1,"H"
"497",22719,2015-11-21 20:00:00,295,12.3,9,1.9,1,"H"
"498",22719,2015-11-21 21:00:00,294,12.2,9,1.8,1,"H"
"499",22719,2015-11-21 22:00:00,296,10.4,10,2.3,1,"H"
"500",22719,2015-11-21 23:00:00,301,8.5,10,1.7,1,"H"
"501",22719,2015-11-22 00:00:00,300,8.3,11,1.6,1,"H"
"502",22719,2015-11-22 01:00:00,305,8.4,12,1.9,1,"H"
"503",22719,2015-11-22 02:00:00,298,11.2,12,2.6,1,"H"
"504",22719,2015-11-22 03:00:00,278,10.5,13,1.4,1,"H"
"505",22719,2015-11-22 04:00:00,242,9.6,14,2.1,1,"H"
"506",22719,2015-11-22 05:00:00,232,5.4,18,1.5,1,"H"
"507",22719,2015-11-22 06:00:00,243,8.4,9,1.2,1,"H"
"508",22719,2015-11-22 07:00:00,248,8.3,8,1.1,1,"H"
"509",22719,2015-11-22 08:00:00,252,8.1,10,1.5,1,"H"
"510",22719,2015-11-22 09:00:00,256,9.1,11,1.6,1,"H"
"511",22719,2015-11-22 10:00:00,253,11,11,2.2,1,"H"
"512",22719,2015-11-22 11:00:00,248,12.2,10,1.8,1,"H"
"513",22719,2015-11-22 12:00:00,244,13.1,8,1.6,1,"H"
"514",22719,2015-11-22 13:00:00,244,13.1,8,1.6,1,"H"
"515",22719,2015-11-22 14:00:00,242,11.9,8,1.4,1,"H"
"516",22719,2015-11-22 15:00:00,246,11.4,9,1.3,1,"H"
"517",22719,2015-11-22 16:00:00,241,12.3,8,1.2,1,"H"
"518",22719,2015-11-22 17:00:00,236,12.1,8,1.2,1,"H"
"519",22719,2015-11-22 18:00:00,240,11.5,8,1.3,1,"H"
"520",22719,2015-11-22 19:00:00,243,10.8,8,1.2,1,"H"
"521",22719,2015-11-22 20:00:00,236,9.8,10,1.7,1,"H"
"522",22719,2015-11-22 21:00:00,227,7,10,1.2,1,"H"
"523",22719,2015-11-22 22:00:00,228,7.1,9,1,1,"H"
"524",22719,2015-11-22 23:00:00,230,7.9,7,0.9,1,"H"
"525",22719,2015-11-23 00:00:00,226,6.9,6,0.8,1,"H"
"526",22719,2015-11-23 01:00:00,221,5.6,7,1.5,1,"H"
"527",22719,2015-11-23 02:00:00,215,3.2,8,0.5,1,"H"
"528",22719,2015-11-23 03:00:00,231,3.6,9,1.1,1,"H"
"529",22719,2015-11-23 04:00:00,221,2.2,13,0.6,1,"H"
"530",22719,2015-11-23 05:00:00,226,2,12,0.7,1,"H"
"531",22719,2015-11-23 06:00:00,216,2.7,8,0.6,1,"H"
"532",22719,2015-11-23 07:00:00,219,5,9,0.9,1,"H"
"533",22719,2015-11-23 08:00:00,221,5.5,12,0.9,1,"H"
"534",22719,2015-11-23 09:00:00,223,5.6,14,1,1,"H"
"535",22719,2015-11-23 10:00:00,225,5.4,15,1.2,1,"H"
"536",22719,2015-11-23 11:00:00,228,4.5,18,1.2,1,"H"
"537",22719,2015-11-23 12:00:00,217,4.8,19,1.3,1,"H"
"538",22719,2015-11-23 13:00:00,216,5.2,19,1.6,1,"H"
"539",22719,2015-11-23 14:00:00,206,3.9,20,1.4,1,"H"
"540",22719,2015-11-23 15:00:00,227,6.2,20,2.8,1,"H"
"541",22719,2015-11-23 16:00:00,231,10.8,7,1.1,1,"H"
"542",22719,2015-11-23 17:00:00,230,8.7,8,1,1,"H"
"543",22719,2015-11-23 18:00:00,238,6.9,10,1.1,1,"H"
"544",22719,2015-11-23 19:00:00,235,4.8,14,1.2,1,"H"
"545",22719,2015-11-23 20:00:00,210,2.6,10,0.5,1,"H"
"546",22719,2015-11-23 21:00:00,203,2.1,11,0.5,1,"H"
"547",22719,2015-11-23 22:00:00,217,1.5,24,0.7,1,"H"
"548",22719,2015-11-23 23:00:00,281,1.3,32,0.6,1,"H"
"549",22719,2015-11-24 00:00:00,224,1.2,42,0.6,1,"H"
"550",22719,2015-11-24 01:00:00,220,1.1,20,0.5,1,"H"
"551",22719,2015-11-24 02:00:00,84,0.5,29,0.5,1,"H"
"552",22719,2015-11-24 03:00:00,111,0.8,81,0.4,1,"H"
"553",22719,2015-11-24 04:00:00,115,0.6,48,0.4,1,"H"
"554",22719,2015-11-24 05:00:00,52,0.8,18,0.2,1,"H"
"555",22719,2015-11-24 06:00:00,84,1.1,18,0.4,1,"H"
"556",22719,2015-11-24 07:00:00,64,1.4,15,0.4,1,"H"
"557",22719,2015-11-24 08:00:00,341,0.8,82,0.2,1,"H"
"558",22719,2015-11-24 09:00:00,263,1.3,30,0.6,1,"H"
"559",22719,2015-11-24 10:00:00,235,2.4,15,0.7,1,"H"
"560",22719,2015-11-24 11:00:00,240,3,13,0.8,1,"H"
"561",22719,2015-11-24 12:00:00,227,3.5,17,0.9,1,"H"
"562",22719,2015-11-24 13:00:00,225,3.9,21,1.1,1,"H"
"563",22719,2015-11-24 14:00:00,230,4.2,17,1.2,1,"H"
"564",22719,2015-11-24 15:00:00,233,2.8,21,1,1,"H"
"565",22719,2015-11-24 16:00:00,223,1.4,68,1.1,1,"H"
"566",22719,2015-11-24 17:00:00,228,4.9,12,0.9,1,"H"
"567",22719,2015-11-24 18:00:00,207,3.1,20,1.1,1,"H"
"568",22719,2015-11-24 19:00:00,197,2.4,16,0.6,1,"H"
"569",22719,2015-11-24 20:00:00,196,2.5,15,0.7,1,"H"
"570",22719,2015-11-24 21:00:00,192,2.1,19,0.8,1,"H"
"571",22719,2015-11-24 22:00:00,163,1.7,27,0.7,1,"H"
"572",22719,2015-11-24 23:00:00,162,1.5,28,0.7,1,"H"
"573",22719,2015-11-25 00:00:00,133,1.8,16,0.5,1,"H"
"574",22719,2015-11-25 01:00:00,136,1.6,19,0.4,1,"H"
"575",22719,2015-11-25 02:00:00,158,1.4,25,0.6,1,"H"
"576",22719,2015-11-25 03:00:00,161,1.5,38,0.5,1,"H"
"577",22719,2015-11-25 04:00:00,162,1.3,27,0.6,1,"H"
"578",22719,2015-11-25 05:00:00,145,1.1,58,0.6,1,"H"
"579",22719,2015-11-25 06:00:00,239,1.2,23,0.6,1,"H"
"580",22719,2015-11-25 07:00:00,228,1.1,22,0.5,1,"H"
"581",22719,2015-11-25 08:00:00,269,1.1,43,0.5,1,"H"
"582",22719,2015-11-25 09:00:00,252,2.1,14,0.5,1,"H"
"583",22719,2015-11-25 10:00:00,249,1.9,14,0.4,1,"H"
"584",22719,2015-11-25 11:00:00,256,1.7,46,0.5,1,"H"
"585",22719,2015-11-25 12:00:00,249,2.3,17,0.8,1,"H"
"586",22719,2015-11-25 13:00:00,241,3.8,9,0.8,1,"H"
"587",22719,2015-11-25 14:00:00,258,2.9,19,0.7,1,"H"
"588",22719,2015-11-25 15:00:00,261,3.5,20,0.9,1,"H"
"589",22719,2015-11-25 16:00:00,240,5.6,17,1.6,1,"H"
"590",22719,2015-11-25 17:00:00,268,5.6,22,0.9,1,"H"
"591",22719,2015-11-25 18:00:00,280,4.3,11,1.2,1,"H"
"592",22719,2015-11-25 19:00:00,309,3.1,17,0.9,1,"H"
"593",22719,2015-11-25 20:00:00,314,2.2,12,1,1,"H"
"594",22719,2015-11-25 21:00:00,309,2.1,12,0.6,1,"H"
"595",22719,2015-11-25 22:00:00,319,2,14,0.6,1,"H"
"596",22719,2015-11-25 23:00:00,314,2.3,9,0.4,1,"H"
"597",22719,2015-11-26 00:00:00,316,2.5,13,0.8,1,"H"
"598",22719,2015-11-26 01:00:00,312,1.9,12,0.7,1,"H"
"599",22719,2015-11-26 02:00:00,322,1.7,12,0.4,1,"H"
"600",22719,2015-11-26 03:00:00,315,1.9,10,0.4,1,"H"
"601",22719,2015-11-26 04:00:00,300,2.2,11,1,1,"H"
"602",22719,2015-11-26 05:00:00,291,2.8,11,0.7,1,"H"
"603",22719,2015-11-26 06:00:00,281,1.7,26,0.6,1,"H"
"604",22719,2015-11-26 07:00:00,298,2.1,12,0.5,1,"H"
"605",22719,2015-11-26 08:00:00,287,3.2,15,0.8,1,"H"
"606",22719,2015-11-26 09:00:00,241,3.2,20,1,1,"H"
"607",22719,2015-11-26 10:00:00,238,3.4,8,1.3,1,"H"
"608",22719,2015-11-26 11:00:00,238,3.1,12,0.9,1,"H"
"609",22719,2015-11-26 12:00:00,236,3.4,11,1.1,1,"H"
"610",22719,2015-11-26 13:00:00,242,1.5,20,0.4,1,"H"
"611",22719,2015-11-26 14:00:00,246,1.9,26,0.6,1,"H"
"612",22719,2015-11-26 15:00:00,254,2,24,0.7,1,"H"
"613",22719,2015-11-26 16:00:00,249,2.3,36,1,1,"H"
"614",22719,2015-11-26 17:00:00,238,3.3,21,0.7,1,"H"
"615",22719,2015-11-26 18:00:00,272,3,75,1.3,1,"H"
"616",22719,2015-11-26 19:00:00,16,4.1,19,1.1,1,"H"
"617",22719,2015-11-26 20:00:00,29,3.1,15,0.6,1,"H"
"618",22719,2015-11-26 21:00:00,34,3.6,14,0.6,1,"H"
"619",22719,2015-11-26 22:00:00,36,3.3,15,0.7,1,"H"
"620",22719,2015-11-26 23:00:00,28,3.3,12,0.6,1,"H"
"621",22719,2015-11-27 00:00:00,42,2.6,11,0.5,1,"H"
"622",22719,2015-11-27 01:00:00,48,3,10,0.6,1,"H"
"623",22719,2015-11-27 02:00:00,35,2.5,25,0.9,1,"H"
"624",22719,2015-11-27 03:00:00,23,2.1,26,0.8,1,"H"
"625",22719,2015-11-27 04:00:00,32,3.4,20,1,1,"H"
"626",22719,2015-11-27 05:00:00,358,1.9,26,0.7,1,"H"
"627",22719,2015-11-27 06:00:00,9,1.8,23,0.5,1,"H"
"628",22719,2015-11-27 07:00:00,13,2.1,25,0.6,1,"H"
"629",22719,2015-11-27 08:00:00,18,4,20,1.2,1,"H"
"630",22719,2015-11-27 09:00:00,14,4.1,22,1.2,1,"H"
"631",22719,2015-11-27 10:00:00,19,4.4,24,1.3,1,"H"
"632",22719,2015-11-27 11:00:00,15,3.8,25,1.2,1,"H"
"633",22719,2015-11-27 12:00:00,317,3.4,40,1,1,"H"
"634",22719,2015-11-27 13:00:00,279,4.9,11,1,1,"H"
"635",22719,2015-11-27 14:00:00,335,3.9,47,1.6,1,"H"
"636",22719,2015-11-27 15:00:00,356,3.1,30,1,1,"H"
"637",22719,2015-11-27 16:00:00,19,4.3,24,1.1,1,"H"
"638",22719,2015-11-27 17:00:00,32,5.3,16,1.1,1,"H"
"639",22719,2015-11-27 18:00:00,350,3.7,50,1.2,1,"H"
"640",22719,2015-11-27 19:00:00,267,3.8,19,1.4,1,"H"
"641",22719,2015-11-27 20:00:00,310,2.5,40,1.3,1,"H"
"642",22719,2015-11-27 21:00:00,313,3.9,13,0.9,1,"H"
"643",22719,2015-11-27 22:00:00,324,2.6,22,1.2,1,"H"
"644",22719,2015-11-27 23:00:00,4,2.9,35,1,1,"H"
"645",22719,2015-11-28 00:00:00,19,2.6,22,0.8,1,"H"
"646",22719,2015-11-28 01:00:00,358,2.1,27,0.7,1,"H"
"647",22719,2015-11-28 02:00:00,29,3.3,20,0.8,1,"H"
"648",22719,2015-11-28 03:00:00,360,3,32,1.2,1,"H"
"649",22719,2015-11-28 04:00:00,23,2.9,26,1,1,"H"
"650",22719,2015-11-28 05:00:00,27,2.5,27,1.3,1,"H"
"651",22719,2015-11-28 06:00:00,49,3,17,1.2,1,"H"
"652",22719,2015-11-28 07:00:00,28,3.1,21,0.9,1,"H"
"653",22719,2015-11-28 08:00:00,21,2.5,28,0.9,1,"H"
"654",22719,2015-11-28 09:00:00,346,2.9,26,0.9,1,"H"
"655",22719,2015-11-28 10:00:00,328,3.6,23,0.9,1,"H"
"656",22719,2015-11-28 11:00:00,299,5.7,16,1.8,1,"H"
"657",22719,2015-11-28 12:00:00,276,6.6,8,1.2,1,"H"
"658",22719,2015-11-28 13:00:00,277,6.6,13,1.6,1,"H"
"659",22719,2015-11-28 14:00:00,293,8,14,1.8,1,"H"
"660",22719,2015-11-28 15:00:00,275,9.6,8,1.2,1,"H"
"661",22719,2015-11-28 16:00:00,232,6.6,30,1.2,1,"H"
"662",22719,2015-11-28 17:00:00,218,5.4,9,1,1,"H"
"663",22719,2015-11-28 18:00:00,220,5.7,12,1,1,"H"
"664",22719,2015-11-28 19:00:00,213,3.9,11,1,1,"H"
"665",22719,2015-11-28 20:00:00,212,2.5,15,0.5,1,"H"
"666",22719,2015-11-28 21:00:00,216,2.3,17,0.6,1,"H"
"667",22719,2015-11-28 22:00:00,206,2.4,14,0.5,1,"H"
"668",22719,2015-11-28 23:00:00,205,2.1,13,0.6,1,"H"
"669",22719,2015-11-29 00:00:00,204,2.8,12,0.8,1,"H"
"670",22719,2015-11-29 01:00:00,198,3,15,0.9,1,"H"
"671",22719,2015-11-29 02:00:00,184,2.3,21,1,1,"H"
"672",22719,2015-11-29 03:00:00,177,2,27,0.7,1,"H"
"673",22719,2015-11-29 04:00:00,176,1.5,28,0.6,1,"H"
"674",22719,2015-11-29 05:00:00,191,2,18,0.7,1,"H"
"675",22719,2015-11-29 06:00:00,196,2,14,0.6,1,"H"
"676",22719,2015-11-29 07:00:00,193,2.3,18,0.8,1,"H"
"677",22719,2015-11-29 08:00:00,189,2.7,20,1,1,"H"
"678",22719,2015-11-29 09:00:00,174,2.5,27,0.9,1,"H"
"679",22719,2015-11-29 10:00:00,163,2.4,33,0.8,1,"H"
"680",22719,2015-11-29 11:00:00,167,2.3,36,0.9,1,"H"
"681",22719,2015-11-29 12:00:00,225,2.4,60,0.8,1,"H"
"682",22719,2015-11-29 13:00:00,248,4.5,13,1,1,"H"
"683",22719,2015-11-29 14:00:00,242,4.5,10,0.7,1,"H"
"684",22719,2015-11-29 15:00:00,241,4.2,12,0.6,1,"H"
"685",22719,2015-11-29 16:00:00,244,4.1,9,0.5,1,"H"
"686",22719,2015-11-29 17:00:00,237,4.3,12,0.7,1,"H"
"687",22719,2015-11-29 18:00:00,213,3.9,13,0.9,1,"H"
"688",22719,2015-11-29 19:00:00,214,4,12,0.9,1,"H"
"689",22719,2015-11-29 20:00:00,216,2.7,9,0.5,1,"H"
"690",22719,2015-11-29 21:00:00,216,2.7,8,0.5,1,"H"
"691",22719,2015-11-29 22:00:00,220,1.8,10,0.6,1,"H"
"692",22719,2015-11-29 23:00:00,218,0.7,15,0.5,1,"H"
"693",22719,2015-11-30 00:00:00,205,0.5,46,0.4,1,"H"
"694",22719,2015-11-30 01:00:00,65,0.8,13,0.2,1,"H"
"695",22719,2015-11-30 02:00:00,84,0.7,16,0.3,1,"H"
"696",22719,2015-11-30 03:00:00,48,3.2,12,0.8,1,"H"
"697",22719,2015-11-30 04:00:00,50,3.4,13,0.8,1,"H"
"698",22719,2015-11-30 05:00:00,52,3.1,14,0.9,1,"H"
"699",22719,2015-11-30 06:00:00,58,3.6,14,1,1,"H"
"700",22719,2015-11-30 07:00:00,48,4.2,15,1,1,"H"
"701",22719,2015-11-30 08:00:00,58,4,15,0.8,1,"H"
"702",22719,2015-11-30 09:00:00,37,4.5,15,0.8,1,"H"
"703",22719,2015-11-30 10:00:00,38,4.4,15,0.8,1,"H"
"704",22719,2015-11-30 11:00:00,36,5.4,14,1.2,1,"H"
"705",22719,2015-11-30 12:00:00,37,5.8,16,1,1,"H"
"706",22719,2015-11-30 13:00:00,36,6.5,13,1.1,1,"H"
"707",22719,2015-11-30 14:00:00,44,6.3,14,1,1,"H"
"708",22719,2015-11-30 15:00:00,43,6.2,15,1.1,1,"H"
"709",22719,2015-11-30 16:00:00,52,5.7,14,1,1,"H"
"710",22719,2015-11-30 17:00:00,49,4.8,15,0.9,1,"H"
"711",22719,2015-11-30 18:00:00,49,4.7,13,1,1,"H"
"712",22719,2015-11-30 19:00:00,53,3.7,13,0.7,1,"H"
"713",22719,2015-11-30 20:00:00,50,3.6,14,0.8,1,"H"
"714",22719,2015-11-30 21:00:00,44,4,13,0.7,1,"H"
"715",22719,2015-11-30 22:00:00,58,4.2,11,0.8,1,"H"
"716",22719,2015-11-30 23:00:00,52,3,14,0.8,1,"H"
"717",22719,2015-12-01 00:00:00,64,2.9,12,0.5,1,"H"
"718",22719,2015-12-01 01:00:00,64,3.1,11,0.7,1,"H"
"719",22719,2015-12-01 02:00:00,52,3.5,14,0.9,1,"H"
"720",22719,2015-12-01 03:00:00,52,3.6,13,0.7,1,"H"
"721",22719,2015-12-01 04:00:00,50,3.9,15,0.9,1,"H"
"722",22719,2015-12-01 05:00:00,64,3,14,0.7,1,"H"
"723",22719,2015-12-01 06:00:00,54,4,13,0.9,1,"H"
"724",22719,2015-12-01 07:00:00,53,3.7,12,0.8,1,"H"
"725",22719,2015-12-01 08:00:00,52,4.2,14,0.9,1,"H"
"726",22719,2015-12-01 09:00:00,56,4.2,13,0.8,1,"H"
"727",22719,2015-12-01 10:00:00,60,5.1,16,1.2,1,"H"
"728",22719,2015-12-01 11:00:00,59,5.2,15,1.2,1,"H"
"729",22719,2015-12-01 12:00:00,49,5.9,12,1,1,"H"
"730",22719,2015-12-01 13:00:00,54,6.5,15,1.5,1,"H"
"731",22719,2015-12-01 14:00:00,59,6.4,16,1.5,1,"H"
"732",22719,2015-12-01 15:00:00,58,5.9,15,1.3,1,"H"
"733",22719,2015-12-01 16:00:00,60,5.8,16,1.4,1,"H"
"734",22719,2015-12-01 17:00:00,56,5.5,14,1.1,1,"H"
"735",22719,2015-12-01 18:00:00,54,5.1,14,1,1,"H"
"736",22719,2015-12-01 19:00:00,51,4,16,0.9,1,"H"
"737",22719,2015-12-01 20:00:00,56,4,14,0.9,1,"H"
"738",22719,2015-12-01 21:00:00,42,4.1,13,0.9,1,"H"
"739",22719,2015-12-01 22:00:00,47,3.3,13,1,1,"H"
"740",22719,2015-12-01 23:00:00,36,3,12,0.7,1,"H"
"741",22719,2015-12-02 00:00:00,33,3.6,13,0.8,1,"H"
"742",22719,2015-12-02 01:00:00,33,3.3,15,0.7,1,"H"
"743",22719,2015-12-02 02:00:00,37,2.8,21,0.7,1,"H"
"744",22719,2015-12-02 03:00:00,44,3,15,0.7,1,"H"
"745",22719,2015-12-02 04:00:00,59,1.5,25,1.1,1,"H"
"746",22719,2015-12-02 05:00:00,61,2,13,0.6,1,"H"
"747",22719,2015-12-02 06:00:00,61,2.4,12,0.5,1,"H"
"748",22719,2015-12-02 07:00:00,66,2.5,17,0.7,1,"H"
"749",22719,2015-12-02 08:00:00,53,3.6,16,0.7,1,"H"
"750",22719,2015-12-02 09:00:00,49,3.7,16,0.8,1,"H"
"751",22719,2015-12-02 10:00:00,32,3.4,20,0.9,1,"H"
"752",22719,2015-12-02 11:00:00,45,4.3,16,0.8,1,"H"
"753",22719,2015-12-02 12:00:00,46,4.4,22,1.1,1,"H"
"754",22719,2015-12-02 13:00:00,52,4.7,16,1,1,"H"
"755",22719,2015-12-02 14:00:00,34,4,26,1.3,1,"H"
"756",22719,2015-12-02 15:00:00,34,4,24,0.9,1,"H"
"757",22719,2015-12-02 16:00:00,48,4.6,18,0.9,1,"H"
"758",22719,2015-12-02 17:00:00,43,4.6,17,0.9,1,"H"
"759",22719,2015-12-02 18:00:00,44,4.5,16,0.8,1,"H"
"760",22719,2015-12-02 19:00:00,29,4,17,0.7,1,"H"
"761",22719,2015-12-02 20:00:00,30,4.6,16,0.9,1,"H"
"762",22719,2015-12-02 21:00:00,44,3.7,14,0.9,1,"H"
"763",22719,2015-12-02 22:00:00,31,3.3,12,0.7,1,"H"
"764",22719,2015-12-02 23:00:00,37,3.1,15,0.7,1,"H"
"765",22719,2015-12-03 00:00:00,57,3.6,11,0.7,1,"H"
"766",22719,2015-12-03 01:00:00,56,3.9,11,0.9,1,"H"
"767",22719,2015-12-03 02:00:00,59,2.9,11,0.7,1,"H"
"768",22719,2015-12-03 03:00:00,75,1.9,18,0.5,1,"H"
"769",22719,2015-12-03 04:00:00,85,1.4,16,0.5,1,"H"
"770",22719,2015-12-03 05:00:00,125,0.6,15,0.2,1,"H"
"771",22719,2015-12-03 06:00:00,74,1.2,35,0.2,1,"H"
"772",22719,2015-12-03 07:00:00,65,2.1,11,0.8,1,"H"
"773",22719,2015-12-03 08:00:00,55,3.8,17,0.8,1,"H"
"774",22719,2015-12-03 09:00:00,51,4,19,0.9,1,"H"
"775",22719,2015-12-03 10:00:00,41,4.8,21,1.1,1,"H"
"776",22719,2015-12-03 11:00:00,24,4.4,24,1.3,1,"H"
"777",22719,2015-12-03 12:00:00,26,4,25,1.3,1,"H"
"778",22719,2015-12-03 13:00:00,34,4,28,1.3,1,"H"
"779",22719,2015-12-03 14:00:00,7,3.5,32,1.1,1,"H"
"780",22719,2015-12-03 15:00:00,26,4,28,1,1,"H"
"781",22719,2015-12-03 16:00:00,8,3.9,27,1.1,1,"H"
"782",22719,2015-12-03 17:00:00,9,3.7,28,1.1,1,"H"
"783",22719,2015-12-03 18:00:00,12,3.6,26,1,1,"H"
"784",22719,2015-12-03 19:00:00,15,3.7,22,0.9,1,"H"
"785",22719,2015-12-03 20:00:00,12,3,20,1.1,1,"H"
"786",22719,2015-12-03 21:00:00,34,2.7,13,0.5,1,"H"
"787",22719,2015-12-03 22:00:00,11,2,22,0.6,1,"H"
"788",22719,2015-12-03 23:00:00,338,1.7,19,0.4,1,"H"
"789",22719,2015-12-04 00:00:00,8,1.1,33,0.4,1,"H"
"790",22719,2015-12-04 01:00:00,343,1.3,19,0.4,1,"H"
"791",22719,2015-12-04 02:00:00,325,1.4,17,0.4,1,"H"
"792",22719,2015-12-04 03:00:00,316,1.6,8,0.6,1,"H"
"793",22719,2015-12-04 04:00:00,10,0.5,56,0.3,1,"H"
"794",22719,2015-12-04 05:00:00,320,1.3,24,0.8,1,"H"
"795",22719,2015-12-04 06:00:00,20,0.5,23,0.3,1,"H"
"796",22719,2015-12-04 07:00:00,321,1.3,17,0.4,1,"H"
"797",22719,2015-12-04 08:00:00,286,1.9,15,0.4,1,"H"
"798",22719,2015-12-04 09:00:00,273,1.7,26,0.6,1,"H"
"799",22719,2015-12-04 10:00:00,262,2,30,0.9,1,"H"
"800",22719,2015-12-04 11:00:00,229,3.4,16,0.7,1,"H"
"801",22719,2015-12-04 12:00:00,230,3.9,14,0.9,1,"H"
"802",22719,2015-12-04 13:00:00,231,5.3,13,1.4,1,"H"
"803",22719,2015-12-04 14:00:00,228,5.3,11,0.9,1,"H"
"804",22719,2015-12-04 15:00:00,232,6.2,11,1,1,"H"
"805",22719,2015-12-04 16:00:00,231,7.4,10,0.9,1,"H"
"806",22719,2015-12-04 17:00:00,228,7.9,8,0.8,1,"H"
"807",22719,2015-12-04 18:00:00,232,8.5,6,0.9,1,"H"
"808",22719,2015-12-04 19:00:00,238,5.7,9,1.3,1,"H"
"809",22719,2015-12-04 20:00:00,224,5.9,11,1,1,"H"
"810",22719,2015-12-04 21:00:00,217,4.8,9,0.8,1,"H"
"811",22719,2015-12-04 22:00:00,212,4.1,12,1.1,1,"H"
"812",22719,2015-12-04 23:00:00,216,3.7,9,0.7,1,"H"
"813",22719,2015-12-05 00:00:00,225,3.2,12,0.5,1,"H"
"814",22719,2015-12-05 01:00:00,229,3.3,9,0.4,1,"H"
"815",22719,2015-12-05 02:00:00,217,2.6,7,0.4,1,"H"
"816",22719,2015-12-05 03:00:00,217,2.7,8,0.4,1,"H"
"817",22719,2015-12-05 04:00:00,217,3.3,8,0.7,1,"H"
"818",22719,2015-12-05 05:00:00,216,3.7,9,0.7,1,"H"
"819",22719,2015-12-05 06:00:00,223,4.6,8,0.8,1,"H"
"820",22719,2015-12-05 07:00:00,228,5.2,9,0.7,1,"H"
"821",22719,2015-12-05 08:00:00,227,5.6,9,0.9,1,"H"
"822",22719,2015-12-05 09:00:00,239,7.1,9,1.1,1,"H"
"823",22719,2015-12-05 10:00:00,238,8.1,9,1.1,1,"H"
"824",22719,2015-12-05 11:00:00,240,9.3,9,1.2,1,"H"
"825",22719,2015-12-05 12:00:00,241,9.5,11,1.3,1,"H"
"826",22719,2015-12-05 13:00:00,240,9,10,1.3,1,"H"
"827",22719,2015-12-05 14:00:00,237,8.9,10,1.3,1,"H"
"828",22719,2015-12-05 15:00:00,236,9.1,10,1.1,1,"H"
"829",22719,2015-12-05 16:00:00,235,9.9,8,1,1,"H"
"830",22719,2015-12-05 17:00:00,237,9.7,8,1,1,"H"
"831",22719,2015-12-05 18:00:00,242,8.7,10,1.1,1,"H"
"832",22719,2015-12-05 19:00:00,246,7.9,11,1.3,1,"H"
"833",22719,2015-12-05 20:00:00,249,7.3,10,1.1,1,"H"
"834",22719,2015-12-05 21:00:00,262,6.4,9,1,1,"H"
"835",22719,2015-12-05 22:00:00,257,5.4,11,0.9,1,"H"
"836",22719,2015-12-05 23:00:00,248,6,25,1.3,1,"H"
"837",22719,2015-12-06 00:00:00,237,6.4,9,1.4,1,"H"
"838",22719,2015-12-06 01:00:00,235,6.4,8,0.9,1,"H"
"839",22719,2015-12-06 02:00:00,225,4.9,6,0.6,1,"H"
"840",22719,2015-12-06 03:00:00,230,5.1,8,0.8,1,"H"
"841",22719,2015-12-06 04:00:00,232,5.8,9,1.1,1,"H"
"842",22719,2015-12-06 05:00:00,256,5.6,14,0.9,1,"H"
"843",22719,2015-12-06 06:00:00,252,5.6,13,1.3,1,"H"
"844",22719,2015-12-06 07:00:00,235,5.5,12,0.8,1,"H"
"845",22719,2015-12-06 08:00:00,237,7.8,10,1,1,"H"
"846",22719,2015-12-06 09:00:00,244,8.6,9,1,1,"H"
"847",22719,2015-12-06 10:00:00,242,8.6,10,1,1,"H"
"848",22719,2015-12-06 11:00:00,238,8.5,8,0.9,1,"H"
"849",22719,2015-12-06 12:00:00,247,7.5,12,1.7,1,"H"
"850",22719,2015-12-06 13:00:00,234,8.4,9,1.3,1,"H"
"851",22719,2015-12-06 14:00:00,232,9.2,9,1.1,1,"H"
"852",22719,2015-12-06 15:00:00,234,9.8,8,0.9,1,"H"
"853",22719,2015-12-06 16:00:00,236,9.1,8,1,1,"H"
"854",22719,2015-12-06 17:00:00,241,7.7,10,1.1,1,"H"
"855",22719,2015-12-06 18:00:00,257,6.4,13,1.1,1,"H"
"856",22719,2015-12-06 19:00:00,258,5.5,11,0.8,1,"H"
"857",22719,2015-12-06 20:00:00,258,5.3,13,0.9,1,"H"
"858",22719,2015-12-06 21:00:00,281,4.8,10,0.7,1,"H"
"859",22719,2015-12-06 22:00:00,285,3.7,20,0.9,1,"H"
"860",22719,2015-12-06 23:00:00,311,2.7,9,0.5,1,"H"
"861",22719,2015-12-07 00:00:00,310,2.6,7,0.4,1,"H"
"862",22719,2015-12-07 01:00:00,295,2.5,12,0.4,1,"H"
"863",22719,2015-12-07 02:00:00,304,2.6,13,0.5,1,"H"
"864",22719,2015-12-07 03:00:00,318,2.4,8,0.4,1,"H"
"865",22719,2015-12-07 04:00:00,321,1.8,9,0.4,1,"H"
"866",22719,2015-12-07 05:00:00,326,2.2,9,0.6,1,"H"
"867",22719,2015-12-07 06:00:00,308,3.1,12,0.6,1,"H"
"868",22719,2015-12-07 07:00:00,314,2.3,12,0.4,1,"H"
"869",22719,2015-12-07 08:00:00,297,3.8,14,0.9,1,"H"
"870",22719,2015-12-07 09:00:00,277,4,17,0.7,1,"H"
"871",22719,2015-12-07 10:00:00,271,6.3,12,1.3,1,"H"
"872",22719,2015-12-07 11:00:00,269,7.8,21,1.6,1,"H"
"873",22719,2015-12-07 12:00:00,274,7.4,15,1.1,1,"H"
"874",22719,2015-12-07 13:00:00,250,8.5,14,1.6,1,"H"
"875",22719,2015-12-07 14:00:00,238,9.6,18,1.6,1,"H"
"876",22719,2015-12-07 15:00:00,231,8.4,11,1.2,1,"H"
"877",22719,2015-12-07 16:00:00,224,6.4,16,1.4,1,"H"
"878",22719,2015-12-07 17:00:00,216,7.5,10,1.5,1,"H"
"879",22719,2015-12-07 18:00:00,228,6.4,11,1.3,1,"H"
"880",22719,2015-12-07 19:00:00,221,6.4,11,1.2,1,"H"
"881",22719,2015-12-07 20:00:00,223,7,10,1.3,1,"H"
"882",22719,2015-12-07 21:00:00,222,7.3,9,1.1,1,"H"
"883",22719,2015-12-07 22:00:00,226,7.5,9,1.3,1,"H"
"884",22719,2015-12-07 23:00:00,225,7.8,8,1,1,"H"
"885",22719,2015-12-08 00:00:00,226,8.5,8,1.4,1,"H"
"886",22719,2015-12-08 01:00:00,225,7.9,7,1.3,1,"H"
"887",22719,2015-12-08 02:00:00,224,6.7,7,1.2,1,"H"
"888",22719,2015-12-08 03:00:00,227,8,7,1.6,1,"H"
"889",22719,2015-12-08 04:00:00,224,8.3,10,1.1,1,"H"
"890",22719,2015-12-08 05:00:00,224,7.3,10,1.2,1,"H"
"891",22719,2015-12-08 06:00:00,215,8.2,10,1.4,1,"H"
"892",22719,2015-12-08 07:00:00,223,8.2,9,1.2,1,"H"
"893",22719,2015-12-08 08:00:00,217,8.4,13,2.2,1,"H"
"894",22719,2015-12-08 09:00:00,214,8.3,11,1.8,1,"H"
"895",22719,2015-12-08 10:00:00,220,10,12,1.7,1,"H"
"896",22719,2015-12-08 11:00:00,226,11.3,9,1.7,1,"H"
"897",22719,2015-12-08 12:00:00,226,10.8,12,2.1,1,"H"
"898",22719,2015-12-08 13:00:00,236,10.5,14,1.7,1,"H"
"899",22719,2015-12-08 14:00:00,227,12.8,10,1.9,1,"H"
"900",22719,2015-12-08 15:00:00,221,10.7,9,1.5,1,"H"
"901",22719,2015-12-08 16:00:00,229,11.4,11,1.5,1,"H"
"902",22719,2015-12-08 17:00:00,229,11,9,1.4,1,"H"
"903",22719,2015-12-08 18:00:00,224,11.1,9,1.6,1,"H"
"904",22719,2015-12-08 19:00:00,223,10.8,8,1.5,1,"H"
"905",22719,2015-12-08 20:00:00,222,10.4,9,1.5,1,"H"
"906",22719,2015-12-08 21:00:00,223,9.7,9,1.6,1,"H"
"907",22719,2015-12-08 22:00:00,218,9.1,9,1.7,1,"H"
"908",22719,2015-12-08 23:00:00,222,9.5,11,1.6,1,"H"
"909",22719,2015-12-09 00:00:00,223,9.8,7,1.3,1,"H"
"910",22719,2015-12-09 01:00:00,222,9.1,8,1.3,1,"H"
"911",22719,2015-12-09 02:00:00,223,9.3,8,1.5,1,"H"
"912",22719,2015-12-09 03:00:00,224,9.6,8,1.2,1,"H"
"913",22719,2015-12-09 04:00:00,218,8.8,11,1.9,1,"H"
"914",22719,2015-12-09 05:00:00,219,9.2,10,1.5,1,"H"
"915",22719,2015-12-09 06:00:00,217,8.2,10,1.6,1,"H"
"916",22719,2015-12-09 07:00:00,219,8.1,9,1.4,1,"H"
"917",22719,2015-12-09 08:00:00,220,8.8,11,1.4,1,"H"
"918",22719,2015-12-09 09:00:00,217,8.6,9,1.3,1,"H"
"919",22719,2015-12-09 10:00:00,220,8.6,10,1.5,1,"H"
"920",22719,2015-12-09 11:00:00,232,9.2,9,1.2,1,"H"
"921",22719,2015-12-09 12:00:00,219,8.2,14,1.7,1,"H"
"922",22719,2015-12-09 13:00:00,226,8.4,11,1.4,1,"H"
"923",22719,2015-12-09 14:00:00,222,8.1,12,1.5,1,"H"
"924",22719,2015-12-09 15:00:00,233,8.4,14,1.4,1,"H"
"925",22719,2015-12-09 16:00:00,236,9.2,8,1.1,1,"H"
"926",22719,2015-12-09 17:00:00,235,8.9,11,1.1,1,"H"
"927",22719,2015-12-09 18:00:00,233,8.8,10,1,1,"H"
"928",22719,2015-12-09 19:00:00,224,8.3,7,1.2,1,"H"
"929",22719,2015-12-09 20:00:00,224,7.7,11,1.4,1,"H"
"930",22719,2015-12-09 21:00:00,219,7.3,9,1.1,1,"H"
"931",22719,2015-12-09 22:00:00,215,6.2,9,1.3,1,"H"
"932",22719,2015-12-09 23:00:00,214,5.5,11,1.2,1,"H"
"933",22719,2015-12-10 00:00:00,220,5.6,9,1,1,"H"
"934",22719,2015-12-10 01:00:00,221,5.7,8,1,1,"H"
"935",22719,2015-12-10 02:00:00,216,5.1,9,1,1,"H"
"936",22719,2015-12-10 03:00:00,232,6.7,11,1.3,1,"H"
"937",22719,2015-12-10 04:00:00,229,5.9,10,1,1,"H"
"938",22719,2015-12-10 05:00:00,236,7,11,1.1,1,"H"
"939",22719,2015-12-10 06:00:00,219,4.8,10,0.9,1,"H"
"940",22719,2015-12-10 07:00:00,241,7.7,9,1.6,1,"H"
"941",22719,2015-12-10 08:00:00,238,8.1,9,1.1,1,"H"
"942",22719,2015-12-10 09:00:00,235,7.6,11,1,1,"H"
"943",22719,2015-12-10 10:00:00,236,9.2,9,1.2,1,"H"
"944",22719,2015-12-10 11:00:00,244,9.4,9,1.1,1,"H"
"945",22719,2015-12-10 12:00:00,246,8.8,11,1.1,1,"H"
"946",22719,2015-12-10 13:00:00,239,10.7,8,1.3,1,"H"
"947",22719,2015-12-10 14:00:00,239,11.4,7,1,1,"H"
"948",22719,2015-12-10 15:00:00,240,12.4,7,1.1,1,"H"
"949",22719,2015-12-10 16:00:00,246,11.1,10,1.4,1,"H"
"950",22719,2015-12-10 17:00:00,246,10.4,8,1.2,1,"H"
"951",22719,2015-12-10 18:00:00,246,9.7,9,1.3,1,"H"
"952",22719,2015-12-10 19:00:00,252,7.4,9,1.2,1,"H"
"953",22719,2015-12-10 20:00:00,259,6.6,10,1,1,"H"
"954",22719,2015-12-10 21:00:00,264,6.8,9,1,1,"H"
"955",22719,2015-12-10 22:00:00,267,5.2,11,1,1,"H"
"956",22719,2015-12-10 23:00:00,269,5,11,0.7,1,"H"
"957",22719,2015-12-11 00:00:00,271,5.6,9,0.8,1,"H"
"958",22719,2015-12-11 01:00:00,277,6.1,8,0.8,1,"H"
"959",22719,2015-12-11 02:00:00,273,5.5,9,0.7,1,"H"
"960",22719,2015-12-11 03:00:00,300,3.9,14,1.1,1,"H"
"961",22719,2015-12-11 04:00:00,314,2.2,10,0.5,1,"H"
"962",22719,2015-12-11 05:00:00,281,3.2,24,1.8,1,"H"
"963",22719,2015-12-11 06:00:00,259,5.5,9,0.9,1,"H"
"964",22719,2015-12-11 07:00:00,256,5.5,10,0.9,1,"H"
"965",22719,2015-12-11 08:00:00,254,5.9,9,1,1,"H"
"966",22719,2015-12-11 09:00:00,259,4.7,10,0.9,1,"H"
"967",22719,2015-12-11 10:00:00,251,5.6,9,0.9,1,"H"
"968",22719,2015-12-11 11:00:00,253,5.2,16,1,1,"H"
"969",22719,2015-12-11 12:00:00,236,6.1,7,0.5,1,"H"
"970",22719,2015-12-11 13:00:00,233,5.9,6,0.6,1,"H"
"971",22719,2015-12-11 14:00:00,231,5.7,7,0.5,1,"H"
"972",22719,2015-12-11 15:00:00,234,6.2,6,0.6,1,"H"
"973",22719,2015-12-11 16:00:00,243,6.1,9,0.8,1,"H"
"974",22719,2015-12-11 17:00:00,247,5.5,10,0.9,1,"H"
"975",22719,2015-12-11 18:00:00,246,5.5,9,1.1,1,"H"
"976",22719,2015-12-11 19:00:00,266,6,10,0.8,1,"H"
"977",22719,2015-12-11 20:00:00,264,5.3,8,0.9,1,"H"
"978",22719,2015-12-11 21:00:00,285,3.6,15,0.8,1,"H"
"979",22719,2015-12-11 22:00:00,292,4.1,9,1.1,1,"H"
"980",22719,2015-12-11 23:00:00,290,5.1,7,0.6,1,"H"
"981",22719,2015-12-12 00:00:00,283,3.8,9,0.5,1,"H"
"982",22719,2015-12-12 01:00:00,287,4.6,8,0.8,1,"H"
"983",22719,2015-12-12 02:00:00,300,4.1,10,0.8,1,"H"
"984",22719,2015-12-12 03:00:00,302,4.1,11,1,1,"H"
"985",22719,2015-12-12 04:00:00,313,3.1,11,0.6,1,"H"
"986",22719,2015-12-12 05:00:00,317,2.5,12,0.6,1,"H"
"987",22719,2015-12-12 06:00:00,321,2.6,14,1.1,1,"H"
"988",22719,2015-12-12 07:00:00,307,5,13,1.2,1,"H"
"989",22719,2015-12-12 08:00:00,285,4.4,16,1.1,1,"H"
"990",22719,2015-12-12 09:00:00,290,6.7,10,1.2,1,"H"
"991",22719,2015-12-12 10:00:00,282,5.9,12,0.9,1,"H"
"992",22719,2015-12-12 11:00:00,282,7.3,10,1,1,"H"
"993",22719,2015-12-12 12:00:00,277,8.6,7,1.1,1,"H"
"994",22719,2015-12-12 13:00:00,279,10,6,1,1,"H"
"995",22719,2015-12-12 14:00:00,276,9.4,7,1,1,"H"
"996",22719,2015-12-12 15:00:00,275,9.4,7,1.2,1,"H"
"997",22719,2015-12-12 16:00:00,288,9.5,10,1.5,1,"H"
"998",22719,2015-12-12 17:00:00,288,8.6,10,1.4,1,"H"
"999",22719,2015-12-12 18:00:00,287,7.5,9,1.3,1,"H"
"1000",22719,2015-12-12 19:00:00,292,6.3,12,1.7,1,"H"
"1001",22719,2015-12-12 20:00:00,305,3.9,15,1.2,1,"H"
"1002",22719,2015-12-12 21:00:00,316,2.6,17,0.9,1,"H"
"1003",22719,2015-12-12 22:00:00,306,4.7,14,1.1,1,"H"
"1004",22719,2015-12-12 23:00:00,314,4.4,13,1,1,"H"
"1005",22719,2015-12-13 00:00:00,320,4.8,13,1.1,1,"H"
"1006",22719,2015-12-13 01:00:00,333,3,21,1.1,1,"H"
"1007",22719,2015-12-13 02:00:00,331,2.7,18,0.8,1,"H"
"1008",22719,2015-12-13 03:00:00,323,3.8,14,1,1,"H"
"1009",22719,2015-12-13 04:00:00,328,3,20,0.9,1,"H"
"1010",22719,2015-12-13 05:00:00,316,3.3,14,1,1,"H"
"1011",22719,2015-12-13 06:00:00,315,4.6,13,1,1,"H"
"1012",22719,2015-12-13 07:00:00,282,8.8,23,2,1,"H"
"1013",22719,2015-12-13 08:00:00,244,9.2,8,1.1,1,"H"
"1014",22719,2015-12-13 09:00:00,248,7.2,13,1.5,1,"H"
"1015",22719,2015-12-13 10:00:00,247,7.5,16,1.9,1,"H"
"1016",22719,2015-12-13 11:00:00,239,9.9,8,1.5,1,"H"
"1017",22719,2015-12-13 12:00:00,243,9.8,9,1.4,1,"H"
"1018",22719,2015-12-13 13:00:00,242,10.7,7,1.2,1,"H"
"1019",22719,2015-12-13 14:00:00,238,10.4,8,1.1,1,"H"
"1020",22719,2015-12-13 15:00:00,239,11,9,1.2,1,"H"
"1021",22719,2015-12-13 16:00:00,247,11.2,10,1.5,1,"H"
"1022",22719,2015-12-13 17:00:00,238,11.3,9,1.2,1,"H"
"1023",22719,2015-12-13 18:00:00,232,10.6,9,1.2,1,"H"
"1024",22719,2015-12-13 19:00:00,225,8.4,10,1.4,1,"H"
"1025",22719,2015-12-13 20:00:00,226,7.9,7,1.1,1,"H"
"1026",22719,2015-12-13 21:00:00,228,7.2,7,0.8,1,"H"
"1027",22719,2015-12-13 22:00:00,224,6.2,6,0.7,1,"H"
"1028",22719,2015-12-13 23:00:00,216,6.4,11,1.3,1,"H"
"1029",22719,2015-12-14 00:00:00,217,5.8,10,1.1,1,"H"
"1030",22719,2015-12-14 01:00:00,219,6,9,1.2,1,"H"
"1031",22719,2015-12-14 02:00:00,223,5.8,7,0.8,1,"H"
"1032",22719,2015-12-14 03:00:00,218,4.7,9,0.9,1,"H"
"1033",22719,2015-12-14 04:00:00,222,5.5,7,0.8,1,"H"
"1034",22719,2015-12-14 05:00:00,222,4.9,6,0.6,1,"H"
"1035",22719,2015-12-14 06:00:00,225,4,5,0.6,1,"H"
"1036",22719,2015-12-14 07:00:00,237,4.7,7,0.8,1,"H"
"1037",22719,2015-12-14 08:00:00,234,6.5,8,1,1,"H"
"1038",22719,2015-12-14 09:00:00,221,7.4,11,1.4,1,"H"
"1039",22719,2015-12-14 10:00:00,216,7.3,14,1.5,1,"H"
"1040",22719,2015-12-14 11:00:00,217,7.2,14,1.7,1,"H"
"1041",22719,2015-12-14 12:00:00,216,7.3,14,1.8,1,"H"
"1042",22719,2015-12-14 13:00:00,219,7.3,14,1.6,1,"H"
"1043",22719,2015-12-14 14:00:00,222,7.4,13,1.4,1,"H"
"1044",22719,2015-12-14 15:00:00,219,6.9,13,1.5,1,"H"
"1045",22719,2015-12-14 16:00:00,225,8.1,11,1.1,1,"H"
"1046",22719,2015-12-14 17:00:00,223,7.8,11,1.2,1,"H"
"1047",22719,2015-12-14 18:00:00,223,7.6,10,1.3,1,"H"
"1048",22719,2015-12-14 19:00:00,227,7.8,7,1,1,"H"
"1049",22719,2015-12-14 20:00:00,227,6.2,6,0.9,1,"H"
"1050",22719,2015-12-14 21:00:00,224,5,6,0.9,1,"H"
"1051",22719,2015-12-14 22:00:00,222,5.2,8,0.9,1,"H"
"1052",22719,2015-12-14 23:00:00,219,4.5,7,0.7,1,"H"
"1053",22719,2015-12-15 00:00:00,220,5.5,8,1,1,"H"
"1054",22719,2015-12-15 01:00:00,220,4.5,9,0.8,1,"H"
"1055",22719,2015-12-15 02:00:00,218,4.4,10,0.8,1,"H"
"1056",22719,2015-12-15 03:00:00,216,4.3,9,0.8,1,"H"
"1057",22719,2015-12-15 04:00:00,215,4.1,8,0.7,1,"H"
"1058",22719,2015-12-15 05:00:00,215,4.2,8,0.7,1,"H"
"1059",22719,2015-12-15 06:00:00,222,5.1,10,0.8,1,"H"
"1060",22719,2015-12-15 07:00:00,226,5,10,1,1,"H"
"1061",22719,2015-12-15 08:00:00,226,5,9,0.8,1,"H"
"1062",22719,2015-12-15 09:00:00,221,6.5,12,1.4,1,"H"
"1063",22719,2015-12-15 10:00:00,222,6.6,13,1.2,1,"H"
"1064",22719,2015-12-15 11:00:00,224,6.4,12,1.3,1,"H"
"1065",22719,2015-12-15 12:00:00,239,6.9,14,1,1,"H"
"1066",22719,2015-12-15 13:00:00,243,8.3,9,1,1,"H"
"1067",22719,2015-12-15 14:00:00,240,8,9,0.9,1,"H"
"1068",22719,2015-12-15 15:00:00,238,8.2,12,1.6,1,"H"
"1069",22719,2015-12-15 16:00:00,252,6.7,11,1.4,1,"H"
"1070",22719,2015-12-15 17:00:00,229,7.5,15,1,1,"H"
"1071",22719,2015-12-15 18:00:00,221,7.6,10,1.3,1,"H"
"1072",22719,2015-12-15 19:00:00,224,7.3,8,0.9,1,"H"
"1073",22719,2015-12-15 20:00:00,228,5.4,9,0.8,1,"H"
"1074",22719,2015-12-15 21:00:00,238,5.2,8,0.9,1,"H"
"1075",22719,2015-12-15 22:00:00,244,4.9,10,0.7,1,"H"
"1076",22719,2015-12-15 23:00:00,228,5,6,0.5,1,"H"
"1077",22719,2015-12-16 00:00:00,243,6,9,0.7,1,"H"
"1078",22719,2015-12-16 01:00:00,242,6.4,10,1,1,"H"
"1079",22719,2015-12-16 02:00:00,244,4.9,20,1.1,1,"H"
"1080",22719,2015-12-16 03:00:00,225,5.6,8,0.8,1,"H"
"1081",22719,2015-12-16 04:00:00,231,6.6,9,0.9,1,"H"
"1082",22719,2015-12-16 05:00:00,240,6.5,10,0.9,1,"H"
"1083",22719,2015-12-16 06:00:00,242,5.6,12,1,1,"H"
"1084",22719,2015-12-16 07:00:00,261,4.6,11,0.7,1,"H"
"1085",22719,2015-12-16 08:00:00,248,5.2,12,0.9,1,"H"
"1086",22719,2015-12-16 09:00:00,251,5.9,13,1.5,1,"H"
"1087",22719,2015-12-16 10:00:00,237,8.3,10,1.1,1,"H"
"1088",22719,2015-12-16 11:00:00,235,7.9,10,1.1,1,"H"
"1089",22719,2015-12-16 12:00:00,239,7.1,11,1.3,1,"H"
"1090",22719,2015-12-16 13:00:00,242,7,16,1.2,1,"H"
"1091",22719,2015-12-16 14:00:00,266,7.6,15,1.3,1,"H"
"1092",22719,2015-12-16 15:00:00,266,7.7,13,1.3,1,"H"
"1093",22719,2015-12-16 16:00:00,244,9,10,1.3,1,"H"
"1094",22719,2015-12-16 17:00:00,220,6.8,10,1.1,1,"H"
"1095",22719,2015-12-16 18:00:00,220,5.8,9,0.8,1,"H"
"1096",22719,2015-12-16 19:00:00,219,5.6,10,0.9,1,"H"
"1097",22719,2015-12-16 20:00:00,231,7.1,8,1.2,1,"H"
"1098",22719,2015-12-16 21:00:00,226,4.5,11,1.4,1,"H"
"1099",22719,2015-12-16 22:00:00,215,5.8,10,1.2,1,"H"
"1100",22719,2015-12-16 23:00:00,222,6.3,7,1,1,"H"
"1101",22719,2015-12-17 00:00:00,221,6,7,0.7,1,"H"
"1102",22719,2015-12-17 01:00:00,223,6.5,8,0.9,1,"H"
"1103",22719,2015-12-17 02:00:00,228,7.2,10,0.9,1,"H"
"1104",22719,2015-12-17 03:00:00,229,6.6,10,1.2,1,"H"
"1105",22719,2015-12-17 04:00:00,238,6.8,11,1.1,1,"H"
"1106",22719,2015-12-17 05:00:00,244,5.2,25,1.4,1,"H"
"1107",22719,2015-12-17 06:00:00,198,3.2,16,1,1,"H"
"1108",22719,2015-12-17 07:00:00,274,3.9,37,1.2,1,"H"
"1109",22719,2015-12-17 08:00:00,265,4.9,20,1.5,1,"H"
"1110",22719,2015-12-17 09:00:00,255,4.7,19,2.3,1,"H"
"1111",22719,2015-12-17 10:00:00,232,6.4,16,1.5,1,"H"
"1112",22719,2015-12-17 11:00:00,234,6.9,13,1.5,1,"H"
"1113",22719,2015-12-17 12:00:00,244,7.3,12,1.3,1,"H"
"1114",22719,2015-12-17 13:00:00,250,6.8,13,1,1,"H"
"1115",22719,2015-12-17 14:00:00,241,7.5,10,1,1,"H"
"1116",22719,2015-12-17 15:00:00,238,7.8,10,0.9,1,"H"
"1117",22719,2015-12-17 16:00:00,233,8.4,8,0.8,1,"H"
"1118",22719,2015-12-17 17:00:00,241,6.4,13,1.3,1,"H"
"1119",22719,2015-12-17 18:00:00,246,6.2,13,1.5,1,"H"
"1120",22719,2015-12-17 19:00:00,252,5.6,9,1.2,1,"H"
"1121",22719,2015-12-17 20:00:00,264,4.3,12,0.7,1,"H"
"1122",22719,2015-12-17 21:00:00,274,3.8,10,0.9,1,"H"
"1123",22719,2015-12-17 22:00:00,284,1.5,14,0.6,1,"H"
"1124",22719,2015-12-17 23:00:00,307,1.1,15,0.3,1,"H"
"1125",22719,2015-12-18 00:00:00,287,3.1,44,2.1,1,"H"
"1126",22719,2015-12-18 01:00:00,208,3.6,14,1.2,1,"H"
"1127",22719,2015-12-18 02:00:00,218,1,9,0.7,1,"H"
"1128",22719,2015-12-18 03:00:00,195,1.4,23,0.5,1,"H"
"1129",22719,2015-12-18 04:00:00,149,2.2,22,0.9,1,"H"
"1130",22719,2015-12-18 05:00:00,137,2.8,12,0.6,1,"H"
"1131",22719,2015-12-18 06:00:00,159,2.5,24,1.1,1,"H"
"1132",22719,2015-12-18 07:00:00,153,3.4,22,1.2,1,"H"
"1133",22719,2015-12-18 08:00:00,155,3.4,25,1.4,1,"H"
"1134",22719,2015-12-18 09:00:00,155,3.8,26,1.2,1,"H"
"1135",22719,2015-12-18 10:00:00,193,4.2,23,1.8,1,"H"
"1136",22719,2015-12-18 11:00:00,207,5,24,1.5,1,"H"
"1137",22719,2015-12-18 12:00:00,213,7,14,1.8,1,"H"
"1138",22719,2015-12-18 13:00:00,222,9.7,11,1.5,1,"H"
"1139",22719,2015-12-18 14:00:00,217,9.4,12,1.8,1,"H"
"1140",22719,2015-12-18 15:00:00,212,9,13,2.2,1,"H"
"1141",22719,2015-12-18 16:00:00,210,9.9,13,2.3,1,"H"
"1142",22719,2015-12-18 17:00:00,212,9.5,12,2.2,1,"H"
"1143",22719,2015-12-18 18:00:00,206,8.1,14,2.2,1,"H"
"1144",22719,2015-12-18 19:00:00,205,7.2,14,1.9,1,"H"
"1145",22719,2015-12-18 20:00:00,209,7.4,12,1.8,1,"H"
"1146",22719,2015-12-18 21:00:00,212,6.7,11,1.5,1,"H"
"1147",22719,2015-12-18 22:00:00,212,7,10,1.5,1,"H"
"1148",22719,2015-12-18 23:00:00,212,6.4,11,1.3,1,"H"
"1149",22719,2015-12-19 00:00:00,206,5,13,1.3,1,"H"
"1150",22719,2015-12-19 01:00:00,207,6.3,13,1.6,1,"H"
"1151",22719,2015-12-19 02:00:00,207,6,13,1.5,1,"H"
"1152",22719,2015-12-19 03:00:00,205,6.2,13,1.6,1,"H"
"1153",22719,2015-12-19 04:00:00,208,7.1,12,1.6,1,"H"
"1154",22719,2015-12-19 05:00:00,208,6,12,1.4,1,"H"
"1155",22719,2015-12-19 06:00:00,210,5.7,11,1.2,1,"H"
"1156",22719,2015-12-19 07:00:00,220,8.5,9,1.5,1,"H"
"1157",22719,2015-12-19 08:00:00,216,8.8,11,1.7,1,"H"
"1158",22719,2015-12-19 09:00:00,219,8.8,10,1.6,1,"H"
"1159",22719,2015-12-19 10:00:00,216,9.1,11,1.8,1,"H"
"1160",22719,2015-12-19 11:00:00,219,10.4,10,1.8,1,"H"
"1161",22719,2015-12-19 12:00:00,215,9.6,12,1.8,1,"H"
"1162",22719,2015-12-19 13:00:00,218,10.1,11,1.7,1,"H"
"1163",22719,2015-12-19 14:00:00,223,10.9,10,1.4,1,"H"
"1164",22719,2015-12-19 15:00:00,234,11,8,1.1,1,"H"
"1165",22719,2015-12-19 16:00:00,237,12.3,7,1.1,1,"H"
"1166",22719,2015-12-19 17:00:00,236,10.6,9,1.1,1,"H"
"1167",22719,2015-12-19 18:00:00,224,9.9,10,1.5,1,"H"
"1168",22719,2015-12-19 19:00:00,215,7.1,11,1.5,1,"H"
"1169",22719,2015-12-19 20:00:00,225,6.3,9,1,1,"H"
"1170",22719,2015-12-19 21:00:00,229,7.9,8,1.1,1,"H"
"1171",22719,2015-12-19 22:00:00,226,5.3,8,1,1,"H"
"1172",22719,2015-12-19 23:00:00,228,4.6,9,1.2,1,"H"
"1173",22719,2015-12-20 00:00:00,230,3.5,8,1.3,1,"H"
"1174",22719,2015-12-20 01:00:00,235,3.4,10,0.9,1,"H"
"1175",22719,2015-12-20 02:00:00,217,2.8,9,0.5,1,"H"
"1176",22719,2015-12-20 03:00:00,224,3.7,9,1.3,1,"H"
"1177",22719,2015-12-20 04:00:00,232,5.2,7,0.6,1,"H"
"1178",22719,2015-12-20 05:00:00,228,5.6,9,1,1,"H"
"1179",22719,2015-12-20 06:00:00,228,6,9,1.1,1,"H"
"1180",22719,2015-12-20 07:00:00,234,6.4,7,0.7,1,"H"
"1181",22719,2015-12-20 08:00:00,225,6.5,9,1.1,1,"H"
"1182",22719,2015-12-20 09:00:00,222,6.6,11,1.2,1,"H"
"1183",22719,2015-12-20 10:00:00,232,7.6,13,1,1,"H"
"1184",22719,2015-12-20 11:00:00,221,7.4,13,1.6,1,"H"
"1185",22719,2015-12-20 12:00:00,221,7.3,14,1.5,1,"H"
"1186",22719,2015-12-20 13:00:00,223,8.9,13,1.4,1,"H"
"1187",22719,2015-12-20 14:00:00,220,9,11,1.7,1,"H"
"1188",22719,2015-12-20 15:00:00,220,10,11,1.6,1,"H"
"1189",22719,2015-12-20 16:00:00,224,9.3,11,1.3,1,"H"
"1190",22719,2015-12-20 17:00:00,230,9,10,1,1,"H"
"1191",22719,2015-12-20 18:00:00,224,8.7,10,1.2,1,"H"
"1192",22719,2015-12-20 19:00:00,225,8.9,8,1.2,1,"H"
"1193",22719,2015-12-20 20:00:00,221,6.7,9,1.4,1,"H"
"1194",22719,2015-12-20 21:00:00,217,5.4,8,0.9,1,"H"
"1195",22719,2015-12-20 22:00:00,220,5.1,8,0.7,1,"H"
"1196",22719,2015-12-20 23:00:00,220,4.8,7,0.7,1,"H"
"1197",22719,2015-12-21 00:00:00,223,6.1,6,0.8,1,"H"
"1198",22719,2015-12-21 01:00:00,227,6.2,6,0.9,1,"H"
"1199",22719,2015-12-21 02:00:00,229,6.3,7,0.9,1,"H"
"1200",22719,2015-12-21 03:00:00,223,5.6,7,0.8,1,"H"
"1201",22719,2015-12-21 04:00:00,223,5.5,6,0.7,1,"H"
"1202",22719,2015-12-21 05:00:00,231,6.3,7,1.2,1,"H"
"1203",22719,2015-12-21 06:00:00,224,5.8,7,0.8,1,"H"
"1204",22719,2015-12-21 07:00:00,230,6.7,8,0.9,1,"H"
"1205",22719,2015-12-21 08:00:00,234,7,7,0.8,1,"H"
"1206",22719,2015-12-21 09:00:00,238,6.8,10,0.8,1,"H"
"1207",22719,2015-12-21 10:00:00,244,8.4,9,1,1,"H"
"1208",22719,2015-12-21 11:00:00,241,9.4,7,0.9,1,"H"
"1209",22719,2015-12-21 12:00:00,244,10,9,1.3,1,"H"
"1210",22719,2015-12-21 13:00:00,248,9.8,11,1.2,1,"H"
"1211",22719,2015-12-21 14:00:00,247,9.5,11,1.2,1,"H"
"1212",22719,2015-12-21 15:00:00,241,9.7,9,1.2,1,"H"
"1213",22719,2015-12-21 16:00:00,241,9.3,9,1.1,1,"H"
"1214",22719,2015-12-21 17:00:00,235,9.2,9,0.9,1,"H"
"1215",22719,2015-12-21 18:00:00,236,9.2,8,0.9,1,"H"
"1216",22719,2015-12-21 19:00:00,226,8.1,10,1.1,1,"H"
"1217",22719,2015-12-21 20:00:00,220,7.6,9,1.2,1,"H"
"1218",22719,2015-12-21 21:00:00,219,6.6,9,1.1,1,"H"
"1219",22719,2015-12-21 22:00:00,226,6.8,10,1.3,1,"H"
"1220",22719,2015-12-21 23:00:00,224,4.5,9,1,1,"H"
"1221",22719,2015-12-22 00:00:00,224,4.3,9,0.8,1,"H"
"1222",22719,2015-12-22 01:00:00,226,5,7,0.8,1,"H"
"1223",22719,2015-12-22 02:00:00,225,5,8,1,1,"H"
"1224",22719,2015-12-22 03:00:00,223,6.7,9,1.5,1,"H"
"1225",22719,2015-12-22 04:00:00,230,6.8,9,0.9,1,"H"
"1226",22719,2015-12-22 05:00:00,222,6.4,8,1.1,1,"H"
"1227",22719,2015-12-22 06:00:00,223,6.7,8,1.2,1,"H"
"1228",22719,2015-12-22 07:00:00,228,7.6,8,0.9,1,"H"
"1229",22719,2015-12-22 08:00:00,232,8.6,8,1,1,"H"
"1230",22719,2015-12-22 09:00:00,237,8.1,10,0.9,1,"H"
"1231",22719,2015-12-22 10:00:00,240,8.5,9,0.9,1,"H"
"1232",22719,2015-12-22 11:00:00,246,8.4,11,1,1,"H"
"1233",22719,2015-12-22 12:00:00,248,9,11,1.2,1,"H"
"1234",22719,2015-12-22 13:00:00,245,8.6,11,1.1,1,"H"
"1235",22719,2015-12-22 14:00:00,244,9.4,10,1.5,1,"H"
"1236",22719,2015-12-22 15:00:00,239,11.5,7,1.3,1,"H"
"1237",22719,2015-12-22 16:00:00,238,13,6,1,1,"H"
"1238",22719,2015-12-22 17:00:00,242,11.8,7,1.6,1,"H"
"1239",22719,2015-12-22 18:00:00,239,10.6,6,0.9,1,"H"
"1240",22719,2015-12-22 19:00:00,243,8.8,8,1.5,1,"H"
"1241",22719,2015-12-22 20:00:00,248,5.6,10,1,1,"H"
"1242",22719,2015-12-22 21:00:00,254,5.4,9,0.9,1,"H"
"1243",22719,2015-12-22 22:00:00,265,4.2,14,0.9,1,"H"
"1244",22719,2015-12-22 23:00:00,264,5.4,12,0.9,1,"H"
"1245",22719,2015-12-23 00:00:00,261,5.1,9,1.1,1,"H"
"1246",22719,2015-12-23 01:00:00,251,4.8,26,1.1,1,"H"
"1247",22719,2015-12-23 02:00:00,202,5,14,1.8,1,"H"
"1248",22719,2015-12-23 03:00:00,206,4.4,13,1.1,1,"H"
"1249",22719,2015-12-23 04:00:00,206,4.8,12,1.1,1,"H"
"1250",22719,2015-12-23 05:00:00,208,4,12,1,1,"H"
"1251",22719,2015-12-23 06:00:00,212,4.3,12,1,1,"H"
"1252",22719,2015-12-23 07:00:00,208,4.5,14,1.4,1,"H"
"1253",22719,2015-12-23 08:00:00,208,4.8,14,1.3,1,"H"
"1254",22719,2015-12-23 09:00:00,221,4.9,20,1.2,1,"H"
"1255",22719,2015-12-23 10:00:00,240,4.8,11,0.9,1,"H"
"1256",22719,2015-12-23 11:00:00,239,4.6,13,0.9,1,"H"
"1257",22719,2015-12-23 12:00:00,234,4.5,12,0.9,1,"H"
"1258",22719,2015-12-23 13:00:00,240,5.7,11,1,1,"H"
"1259",22719,2015-12-23 14:00:00,236,6.4,10,1,1,"H"
"1260",22719,2015-12-23 15:00:00,239,5.7,13,1,1,"H"
"1261",22719,2015-12-23 16:00:00,236,4.3,17,0.9,1,"H"
"1262",22719,2015-12-23 17:00:00,294,4.1,78,2.1,1,"H"
"1263",22719,2015-12-23 18:00:00,56,6.9,13,1.3,1,"H"
"1264",22719,2015-12-23 19:00:00,45,7.5,14,1.3,1,"H"
"1265",22719,2015-12-23 20:00:00,48,6.3,13,1.4,1,"H"
"1266",22719,2015-12-23 21:00:00,59,4.4,13,1,1,"H"
"1267",22719,2015-12-23 22:00:00,52,4.3,15,1,1,"H"
"1268",22719,2015-12-23 23:00:00,60,5.1,14,1.1,1,"H"
"1269",22719,2015-12-24 00:00:00,64,5.8,14,1.5,1,"H"
"1270",22719,2015-12-24 01:00:00,64,5.9,15,1.4,1,"H"
"1271",22719,2015-12-24 02:00:00,61,5.7,13,1.3,1,"H"
"1272",22719,2015-12-24 03:00:00,61,5.8,12,1.1,1,"H"
"1273",22719,2015-12-24 04:00:00,56,5.5,12,1.2,1,"H"
"1274",22719,2015-12-24 05:00:00,57,4.7,12,1,1,"H"
"1275",22719,2015-12-24 06:00:00,57,4.6,13,0.9,1,"H"
"1276",22719,2015-12-24 07:00:00,58,5.2,14,1.2,1,"H"
"1277",22719,2015-12-24 08:00:00,61,6.3,13,1.4,1,"H"
"1278",22719,2015-12-24 09:00:00,58,6.4,13,1.3,1,"H"
"1279",22719,2015-12-24 10:00:00,59,6.1,16,1.3,1,"H"
"1280",22719,2015-12-24 11:00:00,56,7,14,1.4,1,"H"
"1281",22719,2015-12-24 12:00:00,57,6.7,13,1.3,1,"H"
"1282",22719,2015-12-24 13:00:00,59,6.4,14,1.4,1,"H"
"1283",22719,2015-12-24 14:00:00,55,5.6,14,1.3,1,"H"
"1284",22719,2015-12-24 15:00:00,65,3.4,18,1,1,"H"
"1285",22719,2015-12-24 16:00:00,67,2.7,24,1,1,"H"
"1286",22719,2015-12-24 17:00:00,73,2.8,21,0.9,1,"H"
"1287",22719,2015-12-24 18:00:00,130,2,57,1.4,1,"H"
"1288",22719,2015-12-24 19:00:00,234,8.4,7,0.8,1,"H"
"1289",22719,2015-12-24 20:00:00,217,5.3,12,1.8,1,"H"
"1290",22719,2015-12-24 21:00:00,224,5.5,8,0.9,1,"H"
"1291",22719,2015-12-24 22:00:00,217,4.9,11,1.2,1,"H"
"1292",22719,2015-12-24 23:00:00,216,5.3,10,1.2,1,"H"
"1293",22719,2015-12-25 00:00:00,220,6.5,9,1.2,1,"H"
"1294",22719,2015-12-25 01:00:00,206,4.5,13,1.1,1,"H"
"1295",22719,2015-12-25 02:00:00,210,3.7,11,0.9,1,"H"
"1296",22719,2015-12-25 03:00:00,214,5.5,13,1.4,1,"H"
"1297",22719,2015-12-25 04:00:00,218,7.1,12,2,1,"H"
"1298",22719,2015-12-25 05:00:00,215,5.2,12,1.2,1,"H"
"1299",22719,2015-12-25 06:00:00,216,5,11,1.3,1,"H"
"1300",22719,2015-12-25 07:00:00,216,6.5,11,2.1,1,"H"
"1301",22719,2015-12-25 08:00:00,210,6.1,12,1.4,1,"H"
"1302",22719,2015-12-25 09:00:00,206,5.5,15,1.4,1,"H"
"1303",22719,2015-12-25 10:00:00,207,5.6,15,1.6,1,"H"
"1304",22719,2015-12-25 11:00:00,206,5.8,15,1.5,1,"H"
"1305",22719,2015-12-25 12:00:00,214,7.5,11,1.6,1,"H"
"1306",22719,2015-12-25 13:00:00,212,7.2,14,1.9,1,"H"
"1307",22719,2015-12-25 14:00:00,212,7.3,12,1.7,1,"H"
"1308",22719,2015-12-25 15:00:00,212,7.5,14,1.7,1,"H"
"1309",22719,2015-12-25 16:00:00,218,7.7,11,1.4,1,"H"
"1310",22719,2015-12-25 17:00:00,218,6.9,12,1.3,1,"H"
"1311",22719,2015-12-25 18:00:00,220,7.3,11,1.3,1,"H"
"1312",22719,2015-12-25 19:00:00,219,6.8,9,1.2,1,"H"
"1313",22719,2015-12-25 20:00:00,215,5.6,10,1.1,1,"H"
"1314",22719,2015-12-25 21:00:00,208,3.9,11,1,1,"H"
"1315",22719,2015-12-25 22:00:00,207,3.3,10,0.9,1,"H"
"1316",22719,2015-12-25 23:00:00,203,2.6,13,0.7,1,"H"
"1317",22719,2015-12-26 00:00:00,202,2.2,13,0.6,1,"H"
"1318",22719,2015-12-26 01:00:00,196,1.9,17,0.8,1,"H"
"1319",22719,2015-12-26 02:00:00,195,1.9,13,0.5,1,"H"
"1320",22719,2015-12-26 03:00:00,188,1.5,21,0.7,1,"H"
"1321",22719,2015-12-26 04:00:00,144,0.9,30,0.4,1,"H"
"1322",22719,2015-12-26 05:00:00,357,0.6,59,0.4,1,"H"
"1323",22719,2015-12-26 06:00:00,273,0.5,36,0.4,1,"H"
"1324",22719,2015-12-26 07:00:00,204,1.6,21,0.5,1,"H"
"1325",22719,2015-12-26 08:00:00,223,1.7,25,0.4,1,"H"
"1326",22719,2015-12-26 09:00:00,259,2,18,0.5,1,"H"
"1327",22719,2015-12-26 10:00:00,251,2.3,14,0.4,1,"H"
"1328",22719,2015-12-26 11:00:00,242,3.4,10,0.6,1,"H"
"1329",22719,2015-12-26 12:00:00,247,2.8,15,0.8,1,"H"
"1330",22719,2015-12-26 13:00:00,240,4.3,16,1.1,1,"H"
"1331",22719,2015-12-26 14:00:00,236,3.7,11,0.8,1,"H"
"1332",22719,2015-12-26 15:00:00,237,4.9,9,1.1,1,"H"
"1333",22719,2015-12-26 16:00:00,240,6.2,9,1,1,"H"
"1334",22719,2015-12-26 17:00:00,238,7,8,0.7,1,"H"
"1335",22719,2015-12-26 18:00:00,220,6,17,1.3,1,"H"
"1336",22719,2015-12-26 19:00:00,216,5,10,0.9,1,"H"
"1337",22719,2015-12-26 20:00:00,219,3.4,7,1,1,"H"
"1338",22719,2015-12-26 21:00:00,218,2.5,7,0.4,1,"H"
"1339",22719,2015-12-26 22:00:00,217,2.5,7,0.4,1,"H"
"1340",22719,2015-12-26 23:00:00,234,2.4,17,0.6,1,"H"
"1341",22719,2015-12-27 00:00:00,247,1.9,21,0.7,1,"H"
"1342",22719,2015-12-27 01:00:00,253,2.7,11,0.5,1,"H"
"1343",22719,2015-12-27 02:00:00,235,3,17,0.7,1,"H"
"1344",22719,2015-12-27 03:00:00,221,2.7,17,0.5,1,"H"
"1345",22719,2015-12-27 04:00:00,217,2.6,9,0.5,1,"H"
"1346",22719,2015-12-27 05:00:00,213,2.4,7,0.4,1,"H"
"1347",22719,2015-12-27 06:00:00,201,2,19,0.6,1,"H"
"1348",22719,2015-12-27 07:00:00,156,2,23,0.7,1,"H"
"1349",22719,2015-12-27 08:00:00,153,2.4,25,0.8,1,"H"
"1350",22719,2015-12-27 09:00:00,192,2.4,35,0.9,1,"H"
"1351",22719,2015-12-27 10:00:00,248,2.7,18,0.7,1,"H"
"1352",22719,2015-12-27 11:00:00,251,2.9,13,0.6,1,"H"
"1353",22719,2015-12-27 12:00:00,269,2.7,17,0.6,1,"H"
"1354",22719,2015-12-27 13:00:00,240,5.4,7,0.8,1,"H"
"1355",22719,2015-12-27 14:00:00,237,8,6,0.6,1,"H"
"1356",22719,2015-12-27 15:00:00,240,8.8,7,0.9,1,"H"
"1357",22719,2015-12-27 16:00:00,243,8.6,9,0.9,1,"H"
"1358",22719,2015-12-27 17:00:00,235,7.6,11,1.1,1,"H"
"1359",22719,2015-12-27 18:00:00,222,6.9,13,1.4,1,"H"
"1360",22719,2015-12-27 19:00:00,241,5.1,11,0.7,1,"H"
"1361",22719,2015-12-27 20:00:00,246,3.1,9,0.5,1,"H"
"1362",22719,2015-12-27 21:00:00,247,3.6,7,0.6,1,"H"
"1363",22719,2015-12-27 22:00:00,241,2.2,19,0.6,1,"H"
"1364",22719,2015-12-27 23:00:00,222,2.4,18,0.7,1,"H"
"1365",22719,2015-12-28 00:00:00,288,1.6,49,0.7,1,"H"
"1366",22719,2015-12-28 01:00:00,71,0.7,13,0.3,1,"H"
"1367",22719,2015-12-28 02:00:00,29,0.6,39,0.2,1,"H"
"1368",22719,2015-12-28 03:00:00,15,0.7,36,0.3,1,"H"
"1369",22719,2015-12-28 04:00:00,360,0.5,35,0.4,1,"H"
"1370",22719,2015-12-28 05:00:00,64,0.7,45,0.4,1,"H"
"1371",22719,2015-12-28 06:00:00,310,1.3,55,0.5,1,"H"
"1372",22719,2015-12-28 07:00:00,310,1.3,21,0.5,1,"H"
"1373",22719,2015-12-28 08:00:00,254,1.8,32,0.7,1,"H"
"1374",22719,2015-12-28 09:00:00,230,3.2,18,1.4,1,"H"
"1375",22719,2015-12-28 10:00:00,231,5.1,12,1.1,1,"H"
"1376",22719,2015-12-28 11:00:00,238,6.2,10,0.9,1,"H"
"1377",22719,2015-12-28 12:00:00,244,5.9,10,0.8,1,"H"
"1378",22719,2015-12-28 13:00:00,241,6.6,10,1.2,1,"H"
"1379",22719,2015-12-28 14:00:00,250,9.3,9,1.2,1,"H"
"1380",22719,2015-12-28 15:00:00,244,9.7,8,1,1,"H"
"1381",22719,2015-12-28 16:00:00,234,8.2,13,1,1,"H"
"1382",22719,2015-12-28 17:00:00,237,9,11,1.1,1,"H"
"1383",22719,2015-12-28 18:00:00,232,8.3,9,0.9,1,"H"
"1384",22719,2015-12-28 19:00:00,232,8.1,7,0.7,1,"H"
"1385",22719,2015-12-28 20:00:00,226,7.5,7,1.1,1,"H"
"1386",22719,2015-12-28 21:00:00,226,8.4,6,1.1,1,"H"
"1387",22719,2015-12-28 22:00:00,226,8.2,6,0.8,1,"H"
"1388",22719,2015-12-28 23:00:00,224,8.5,7,0.9,1,"H"
"1389",22719,2015-12-29 00:00:00,221,8.8,8,1.1,1,"H"
"1390",22719,2015-12-29 01:00:00,211,6.3,12,1.6,1,"H"
"1391",22719,2015-12-29 02:00:00,210,6.2,12,1.5,1,"H"
"1392",22719,2015-12-29 03:00:00,212,5.8,13,1.7,1,"H"
"1393",22719,2015-12-29 04:00:00,225,8.4,8,1,1,"H"
"1394",22719,2015-12-29 05:00:00,217,7.2,11,1.5,1,"H"
"1395",22719,2015-12-29 06:00:00,222,7,10,1.1,1,"H"
"1396",22719,2015-12-29 07:00:00,222,8,8,1.2,1,"H"
"1397",22719,2015-12-29 08:00:00,213,7.5,11,1.4,1,"H"
"1398",22719,2015-12-29 09:00:00,220,8,12,1.6,1,"H"
"1399",22719,2015-12-29 10:00:00,222,7.9,12,1.5,1,"H"
"1400",22719,2015-12-29 11:00:00,241,8.9,12,1,1,"H"
"1401",22719,2015-12-29 12:00:00,244,9.4,9,1,1,"H"
"1402",22719,2015-12-29 13:00:00,248,9.5,10,1.1,1,"H"
"1403",22719,2015-12-29 14:00:00,243,9.7,8,1,1,"H"
"1404",22719,2015-12-29 15:00:00,243,10.2,7,1.1,1,"H"
"1405",22719,2015-12-29 16:00:00,249,9.4,9,1.2,1,"H"
"1406",22719,2015-12-29 17:00:00,242,10.4,8,1.2,1,"H"
"1407",22719,2015-12-29 18:00:00,241,10,7,0.9,1,"H"
"1408",22719,2015-12-29 19:00:00,241,9.2,7,0.9,1,"H"
"1409",22719,2015-12-29 20:00:00,251,7.2,9,1.2,1,"H"
"1410",22719,2015-12-29 21:00:00,255,4.8,9,0.8,1,"H"
"1411",22719,2015-12-29 22:00:00,252,3.4,9,0.9,1,"H"
"1412",22719,2015-12-29 23:00:00,253,2.5,9,0.5,1,"H"
"1413",22719,2015-12-30 00:00:00,268,1.7,35,0.8,1,"H"
"1414",22719,2015-12-30 01:00:00,265,2.7,16,0.8,1,"H"
"1415",22719,2015-12-30 02:00:00,274,2.6,26,0.7,1,"H"
"1416",22719,2015-12-30 03:00:00,247,3.3,15,0.8,1,"H"
"1417",22719,2015-12-30 04:00:00,251,3.1,17,0.8,1,"H"
"1418",22719,2015-12-30 05:00:00,314,2,32,0.9,1,"H"
"1419",22719,2015-12-30 06:00:00,73,0.9,19,0.3,1,"H"
"1420",22719,2015-12-30 07:00:00,27,1.8,43,0.5,1,"H"
"1421",22719,2015-12-30 08:00:00,335,2.1,33,0.6,1,"H"
"1422",22719,2015-12-30 09:00:00,309,2.3,29,0.8,1,"H"
"1423",22719,2015-12-30 10:00:00,312,2.7,28,0.9,1,"H"
"1424",22719,2015-12-30 11:00:00,15,2.6,66,1.1,1,"H"
"1425",22719,2015-12-30 12:00:00,53,3.5,26,1.1,1,"H"
"1426",22719,2015-12-30 13:00:00,19,1.8,65,1.1,1,"H"
"1427",22719,2015-12-30 14:00:00,36,1.5,69,0.8,1,"H"
"1428",22719,2015-12-30 15:00:00,7,1.7,98,0.9,1,"H"
"1429",22719,2015-12-30 16:00:00,330,2.9,34,0.9,1,"H"
"1430",22719,2015-12-30 17:00:00,339,2,46,0.9,1,"H"
"1431",22719,2015-12-30 18:00:00,294,2.1,41,0.7,1,"H"
"1432",22719,2015-12-30 19:00:00,360,2.5,43,0.7,1,"H"
"1433",22719,2015-12-30 20:00:00,40,2.5,14,0.5,1,"H"
"1434",22719,2015-12-30 21:00:00,70,1.6,14,0.4,1,"H"
"1435",22719,2015-12-30 22:00:00,64,2,15,0.7,1,"H"
"1436",22719,2015-12-30 23:00:00,63,1.6,23,0.6,1,"H"
"1437",22719,2015-12-31 00:00:00,58,1.9,15,0.4,1,"H"
