"","station","date","tair","twet","rh","tdew"
"1",22719,2015-11-01 00:00:00,13.6,10.3,63,6.7
"2",22719,2015-11-01 01:00:00,13.7,10.5,65,7.3
"3",22719,2015-11-01 02:00:00,13.3,10.2,65,6.9
"4",22719,2015-11-01 03:00:00,13.2,10.2,66,7
"5",22719,2015-11-01 04:00:00,13.1,10.2,67,7.1
"6",22719,2015-11-01 05:00:00,13,10.1,67,7
"7",22719,2015-11-01 06:00:00,12.9,10.7,74,8.4
"8",22719,2015-11-01 07:00:00,13.4,11.3,76,9.3
"9",22719,2015-11-01 08:00:00,15.7,12.5,67,9.6
"10",22719,2015-11-01 09:00:00,14.7,12.2,73,9.9
"11",22719,2015-11-01 10:00:00,16,12.1,60,8.3
"12",22719,2015-11-01 11:00:00,16.1,11.7,56,7.3
"13",22719,2015-11-01 12:00:00,18.8,14.9,64,11.9
"14",22719,2015-11-01 13:00:00,18.3,13.7,57,9.7
"15",22719,2015-11-01 14:00:00,17.8,13.6,60,9.9
"16",22719,2015-11-01 15:00:00,17.1,13,60,9.3
"17",22719,2015-11-01 16:00:00,17,13.5,65,10.4
"18",22719,2015-11-01 17:00:00,16.3,13.3,69,10.6
"19",22719,2015-11-01 18:00:00,15,12.3,71,9.8
"20",22719,2015-11-01 19:00:00,13.6,11.4,75,9.3
"21",22719,2015-11-01 20:00:00,12.5,10.7,79,9
"22",22719,2015-11-01 21:00:00,11.4,10.3,86,9.2
"23",22719,2015-11-01 22:00:00,11,10.2,90,9.4
"24",22719,2015-11-01 23:00:00,10.3,9.7,92,9.1
"25",22719,2015-11-02 00:00:00,9.1,8.5,92,7.9
"26",22719,2015-11-02 01:00:00,8.6,8.1,93,7.5
"27",22719,2015-11-02 02:00:00,8.6,8.1,93,7.5
"28",22719,2015-11-02 03:00:00,8.3,7.9,94,7.4
"29",22719,2015-11-02 04:00:00,8.5,8.1,94,7.6
"30",22719,2015-11-02 05:00:00,10.2,9.7,94,9.3
"31",22719,2015-11-02 06:00:00,11,10.5,93,9.9
"32",22719,2015-11-02 07:00:00,12.6,11.6,88,10.7
"33",22719,2015-11-02 08:00:00,14.2,12.3,79,10.6
"34",22719,2015-11-02 09:00:00,15.2,12.3,69,9.6
"35",22719,2015-11-02 10:00:00,16.8,13.6,68,10.9
"36",22719,2015-11-02 11:00:00,16.3,13.5,71,11
"37",22719,2015-11-02 12:00:00,17.2,13.7,66,10.8
"38",22719,2015-11-02 13:00:00,18,14.5,66,11.6
"39",22719,2015-11-02 14:00:00,17.2,14.2,70,11.7
"40",22719,2015-11-02 15:00:00,15.8,13.3,74,11.2
"41",22719,2015-11-02 16:00:00,16.5,13.6,71,11.2
"42",22719,2015-11-02 17:00:00,15.7,13.4,76,11.5
"43",22719,2015-11-02 18:00:00,15,12.5,73,10.2
"44",22719,2015-11-02 19:00:00,13.5,11.7,79,9.9
"45",22719,2015-11-02 20:00:00,12.6,11.1,82,9.6
"46",22719,2015-11-02 21:00:00,12.3,10.9,83,9.5
"47",22719,2015-11-02 22:00:00,11.1,10.2,89,9.4
"48",22719,2015-11-02 23:00:00,11.8,11,90,10.2
"49",22719,2015-11-03 00:00:00,12.4,11.3,87,10.3
"50",22719,2015-11-03 01:00:00,12.6,11.3,85,10.1
"51",22719,2015-11-03 02:00:00,13.3,10.8,72,8.4
"52",22719,2015-11-03 03:00:00,13.5,11,72,8.6
"53",22719,2015-11-03 04:00:00,13.5,11.1,73,8.8
"54",22719,2015-11-03 05:00:00,13.3,10.7,70,8
"55",22719,2015-11-03 06:00:00,13.4,10.9,72,8.5
"56",22719,2015-11-03 07:00:00,13.7,11.3,73,9
"57",22719,2015-11-03 08:00:00,14.4,11.6,70,9
"58",22719,2015-11-03 09:00:00,15.6,12.5,68,9.7
"59",22719,2015-11-03 10:00:00,16.9,13.5,66,10.5
"60",22719,2015-11-03 11:00:00,17.8,13.8,62,10.4
"61",22719,2015-11-03 12:00:00,17.9,13.9,62,10.5
"62",22719,2015-11-03 13:00:00,20,14.9,55,10.7
"63",22719,2015-11-03 14:00:00,19.4,13.9,51,9
"64",22719,2015-11-03 15:00:00,19.7,15.4,61,12
"65",22719,2015-11-03 16:00:00,18.7,14.9,64,11.8
"66",22719,2015-11-03 17:00:00,19.3,15.6,66,12.8
"67",22719,2015-11-03 18:00:00,18.4,15.6,73,13.5
"68",22719,2015-11-03 19:00:00,16.6,14.6,79,12.9
"69",22719,2015-11-03 20:00:00,16.2,14.5,82,13.1
"70",22719,2015-11-03 21:00:00,16.2,14.4,81,13
"71",22719,2015-11-03 22:00:00,16.1,14.4,82,13
"72",22719,2015-11-03 23:00:00,16.1,14.6,84,13.4
"73",22719,2015-11-04 00:00:00,15.6,14.6,89,13.8
"74",22719,2015-11-04 01:00:00,15.7,14.7,89,13.9
"75",22719,2015-11-04 02:00:00,15.5,14.6,90,13.9
"76",22719,2015-11-04 03:00:00,15.6,14.2,85,13.1
"77",22719,2015-11-04 04:00:00,15.4,13.9,84,12.7
"78",22719,2015-11-04 05:00:00,15.4,14,85,12.9
"79",22719,2015-11-04 06:00:00,14.8,13.8,89,13
"80",22719,2015-11-04 07:00:00,14.6,14.1,94,13.7
"81",22719,2015-11-04 08:00:00,12.6,12.2,95,11.8
"82",22719,2015-11-04 09:00:00,12.8,12.3,94,11.9
"83",22719,2015-11-04 10:00:00,14.7,13.3,84,12
"84",22719,2015-11-04 11:00:00,16.1,13.9,77,12.1
"85",22719,2015-11-04 12:00:00,16.3,13.8,74,11.7
"86",22719,2015-11-04 13:00:00,16.2,13.1,68,10.3
"87",22719,2015-11-04 14:00:00,16.2,13,67,10.1
"88",22719,2015-11-04 15:00:00,15.5,12,64,8.7
"89",22719,2015-11-04 16:00:00,13.8,11.6,75,9.5
"90",22719,2015-11-04 17:00:00,14.3,11.7,72,9.3
"91",22719,2015-11-04 18:00:00,12.2,11.4,90,10.6
"92",22719,2015-11-04 19:00:00,12.6,11.9,92,11.3
"93",22719,2015-11-04 20:00:00,12.3,10.4,78,8.6
"94",22719,2015-11-04 21:00:00,12.2,10.3,77,8.3
"95",22719,2015-11-04 22:00:00,11.3,9.6,79,7.8
"96",22719,2015-11-04 23:00:00,10.1,9,86,7.9
"97",22719,2015-11-05 00:00:00,11.5,10.1,83,8.7
"98",22719,2015-11-05 01:00:00,12,10,76,7.9
"99",22719,2015-11-05 02:00:00,11,8.7,72,6.2
"100",22719,2015-11-05 03:00:00,10.5,8.1,70,5.3
"101",22719,2015-11-05 04:00:00,9.7,7.5,71,4.7
"102",22719,2015-11-05 05:00:00,9.6,7.3,70,4.4
"103",22719,2015-11-05 06:00:00,9.6,7.7,75,5.4
"104",22719,2015-11-05 07:00:00,11.9,8.5,60,4.4
"105",22719,2015-11-05 08:00:00,12.9,9.2,58,4.9
"106",22719,2015-11-05 09:00:00,14.1,9.7,53,4.7
"107",22719,2015-11-05 14:00:00,17.7,13.4,59,9.6
"108",22719,2015-11-05 15:00:00,17.6,13.2,58,9.3
"109",22719,2015-11-05 16:00:00,17.3,13.4,62,10
"110",22719,2015-11-05 17:00:00,16.2,12.1,59,8.2
"111",22719,2015-11-05 18:00:00,15.3,11.9,64,8.5
"112",22719,2015-11-05 19:00:00,14.4,11.4,67,8.4
"113",22719,2015-11-05 20:00:00,14.1,11.2,68,8.3
"114",22719,2015-11-05 21:00:00,13.2,10.9,74,8.7
"115",22719,2015-11-05 22:00:00,12.3,10.1,74,7.8
"116",22719,2015-11-05 23:00:00,11.7,9.4,72,6.8
"117",22719,2015-11-06 00:00:00,10.6,8.4,72,5.8
"118",22719,2015-11-06 01:00:00,10.2,7.8,69,4.8
"119",22719,2015-11-06 02:00:00,9.6,7.1,67,3.8
"120",22719,2015-11-06 03:00:00,8.9,6.7,71,3.9
"121",22719,2015-11-06 04:00:00,8.5,6.4,71,3.6
"122",22719,2015-11-06 05:00:00,7.4,6.1,81,4.4
"123",22719,2015-11-06 06:00:00,8.6,6.6,73,4.1
"124",22719,2015-11-06 07:00:00,10.7,7.9,65,4.4
"125",22719,2015-11-06 08:00:00,12.2,8.8,61,4.9
"126",22719,2015-11-06 09:00:00,13.8,9.8,56,5.2
"127",22719,2015-11-06 10:00:00,15.6,11,53,6.1
"128",22719,2015-11-06 11:00:00,16.6,11.5,50,6.2
"129",22719,2015-11-06 12:00:00,17.6,12.9,55,8.5
"130",22719,2015-11-06 13:00:00,17.8,13.2,56,8.9
"131",22719,2015-11-06 14:00:00,17.9,13.8,61,10.3
"132",22719,2015-11-06 15:00:00,18.3,15.1,69,12.5
"133",22719,2015-11-06 16:00:00,18.1,14.9,69,12.3
"134",22719,2015-11-06 17:00:00,17.4,13.8,65,10.8
"135",22719,2015-11-06 18:00:00,16.2,12.7,64,9.4
"136",22719,2015-11-06 19:00:00,14.6,11.7,69,9
"137",22719,2015-11-06 20:00:00,13.8,11.4,73,9.1
"138",22719,2015-11-06 21:00:00,13.4,10.9,72,8.5
"139",22719,2015-11-06 22:00:00,12.3,10.4,78,8.6
"140",22719,2015-11-06 23:00:00,11.4,10.1,84,8.8
"141",22719,2015-11-07 00:00:00,10.9,10,88,9
"142",22719,2015-11-07 01:00:00,10.2,9.2,87,8.1
"143",22719,2015-11-07 02:00:00,10,9.1,88,8.1
"144",22719,2015-11-07 03:00:00,9.2,8.5,90,7.7
"145",22719,2015-11-07 04:00:00,9.8,9.1,91,8.4
"146",22719,2015-11-07 05:00:00,9.5,8.9,92,8.3
"147",22719,2015-11-07 06:00:00,10.3,9.5,90,8.7
"148",22719,2015-11-07 07:00:00,13.5,12.2,85,11
"149",22719,2015-11-07 08:00:00,16.1,13.9,77,12.1
"150",22719,2015-11-07 09:00:00,18,14.7,68,12
"151",22719,2015-11-07 10:00:00,19.5,15.1,60,11.5
"152",22719,2015-11-07 11:00:00,20.5,15.6,57,11.7
"153",22719,2015-11-07 12:00:00,21,15.6,54,11.4
"154",22719,2015-11-07 13:00:00,21.8,17.2,61,14
"155",22719,2015-11-07 14:00:00,21.3,16.6,60,13.2
"156",22719,2015-11-07 15:00:00,19.8,14.7,55,10.5
"157",22719,2015-11-07 16:00:00,19.3,16.3,72,14.1
"158",22719,2015-11-07 17:00:00,17.9,15,72,12.8
"159",22719,2015-11-07 18:00:00,16.4,14.2,77,12.4
"160",22719,2015-11-07 19:00:00,15,13,78,11.2
"161",22719,2015-11-07 20:00:00,14.5,13,83,11.7
"162",22719,2015-11-07 21:00:00,14.4,12.8,82,11.4
"163",22719,2015-11-07 22:00:00,13.8,12.6,86,11.5
"164",22719,2015-11-07 23:00:00,13.4,12.1,85,10.9
"165",22719,2015-11-08 00:00:00,13.3,12.1,86,11
"166",22719,2015-11-08 01:00:00,13.1,11.8,85,10.6
"167",22719,2015-11-08 02:00:00,13,11.7,85,10.6
"168",22719,2015-11-08 03:00:00,13,11.7,85,10.6
"169",22719,2015-11-08 04:00:00,12.6,11.5,87,10.5
"170",22719,2015-11-08 05:00:00,12.8,11.7,87,10.7
"171",22719,2015-11-08 06:00:00,13.3,11.9,84,10.7
"172",22719,2015-11-08 07:00:00,14.6,12.5,77,10.6
"173",22719,2015-11-08 08:00:00,15.2,12.5,71,10
"174",22719,2015-11-08 09:00:00,16.7,13,63,9.6
"175",22719,2015-11-08 10:00:00,17.5,13.7,63,10.4
"176",22719,2015-11-08 11:00:00,17.9,13.9,62,10.5
"177",22719,2015-11-08 12:00:00,18.8,14.5,60,10.9
"178",22719,2015-11-08 13:00:00,19.2,14.7,59,11
"179",22719,2015-11-08 14:00:00,19.9,15.6,61,12.2
"180",22719,2015-11-08 15:00:00,19.1,15.1,63,11.9
"181",22719,2015-11-08 16:00:00,18.4,14.9,67,12.2
"182",22719,2015-11-08 17:00:00,16.9,13.7,68,11
"183",22719,2015-11-08 18:00:00,16.2,13.1,68,10.3
"184",22719,2015-11-08 19:00:00,15.2,12.8,74,10.6
"185",22719,2015-11-08 20:00:00,15,12.8,76,10.8
"186",22719,2015-11-08 21:00:00,14.8,12.7,77,10.8
"187",22719,2015-11-08 22:00:00,14.2,12.4,80,10.8
"188",22719,2015-11-08 23:00:00,13.8,12.2,82,10.8
"189",22719,2015-11-09 00:00:00,13.8,12.4,84,11.2
"190",22719,2015-11-09 01:00:00,13.9,12.6,85,11.4
"191",22719,2015-11-09 02:00:00,13.9,12.8,87,11.8
"192",22719,2015-11-09 03:00:00,14.2,13,87,12.1
"193",22719,2015-11-09 04:00:00,14.5,13.4,88,12.5
"194",22719,2015-11-09 05:00:00,14.6,13.2,85,12.1
"195",22719,2015-11-09 06:00:00,14.8,13.3,84,12.1
"196",22719,2015-11-09 07:00:00,16.5,14.7,81,13.2
"197",22719,2015-11-09 08:00:00,18,15.8,78,14.1
"198",22719,2015-11-09 09:00:00,19.2,16.8,77,15.1
"199",22719,2015-11-09 10:00:00,20.2,17.5,75,15.6
"200",22719,2015-11-09 11:00:00,20.5,18,77,16.3
"201",22719,2015-11-09 12:00:00,21.9,18.5,71,16.4
"202",22719,2015-11-09 13:00:00,21.6,18.4,72,16.3
"203",22719,2015-11-09 14:00:00,22.2,18.6,69,16.2
"204",22719,2015-11-09 15:00:00,21.5,18.3,72,16.3
"205",22719,2015-11-09 16:00:00,20.9,17.8,72,15.7
"206",22719,2015-11-09 17:00:00,19.5,16.7,74,14.8
"207",22719,2015-11-09 18:00:00,18.4,15.9,76,14.1
"208",22719,2015-11-09 19:00:00,17.1,15.4,83,14.2
"209",22719,2015-11-09 20:00:00,16.6,15.1,84,13.9
"210",22719,2015-11-09 21:00:00,16.5,15.1,85,14
"211",22719,2015-11-09 22:00:00,16.2,14.8,85,13.7
"212",22719,2015-11-09 23:00:00,16.3,15,86,14
"213",22719,2015-11-10 00:00:00,15.9,14.6,86,13.6
"214",22719,2015-11-10 01:00:00,15.6,14.4,87,13.5
"215",22719,2015-11-10 02:00:00,15,14,89,13.2
"216",22719,2015-11-10 03:00:00,14.6,13.8,91,13.2
"217",22719,2015-11-10 04:00:00,14,13.4,93,12.9
"218",22719,2015-11-10 05:00:00,13.5,13,94,12.6
"219",22719,2015-11-10 06:00:00,14,13.5,94,13.1
"220",22719,2015-11-10 07:00:00,15.9,15.1,91,14.4
"221",22719,2015-11-10 08:00:00,17.2,15.3,81,13.9
"222",22719,2015-11-10 09:00:00,19.8,16.2,67,13.5
"223",22719,2015-11-10 10:00:00,21.2,16.7,61,13.4
"224",22719,2015-11-10 11:00:00,22.3,17.4,59,13.9
"225",22719,2015-11-10 12:00:00,21.6,17.3,63,14.3
"226",22719,2015-11-10 13:00:00,21.6,16.9,60,13.5
"227",22719,2015-11-10 14:00:00,21.7,17.5,64,14.6
"228",22719,2015-11-10 15:00:00,21.3,17.1,64,14.2
"229",22719,2015-11-10 16:00:00,21.3,17.1,64,14.2
"230",22719,2015-11-10 17:00:00,20.1,16.4,67,13.8
"231",22719,2015-11-10 18:00:00,18.1,15.3,73,13.2
"232",22719,2015-11-10 19:00:00,17,14.6,76,12.8
"233",22719,2015-11-10 20:00:00,16.6,14.5,78,12.8
"234",22719,2015-11-10 21:00:00,16.7,14.7,79,13.1
"235",22719,2015-11-10 22:00:00,16.6,14.5,78,12.8
"236",22719,2015-11-10 23:00:00,16.6,14.5,78,12.8
"237",22719,2015-11-11 00:00:00,16.5,14.6,80,13
"238",22719,2015-11-11 01:00:00,16.4,14.6,81,13.1
"239",22719,2015-11-11 02:00:00,15.9,14.1,81,12.7
"240",22719,2015-11-11 03:00:00,15.8,13.9,80,12.4
"241",22719,2015-11-11 04:00:00,15.8,13.9,80,12.4
"242",22719,2015-11-11 05:00:00,15.8,14.1,82,12.7
"243",22719,2015-11-11 06:00:00,16,13.7,76,11.8
"244",22719,2015-11-11 07:00:00,15.7,14.3,85,13.2
"245",22719,2015-11-11 08:00:00,16.6,14.4,77,12.6
"246",22719,2015-11-11 09:00:00,17.8,14.9,72,12.7
"247",22719,2015-11-11 10:00:00,17.5,14.7,72,12.4
"248",22719,2015-11-11 11:00:00,17.9,15,72,12.8
"249",22719,2015-11-11 12:00:00,19.4,15.1,61,11.7
"250",22719,2015-11-11 13:00:00,19.5,15.4,63,12.3
"251",22719,2015-11-11 14:00:00,19.6,16.1,68,13.5
"252",22719,2015-11-11 15:00:00,19.2,16.1,71,13.8
"253",22719,2015-11-11 16:00:00,18.9,15.7,70,13.3
"254",22719,2015-11-11 17:00:00,16.5,14.3,77,12.5
"255",22719,2015-11-11 18:00:00,15.9,13.3,73,11.1
"256",22719,2015-11-11 19:00:00,15.4,12.9,74,10.8
"257",22719,2015-11-11 20:00:00,14.8,12.5,75,10.4
"258",22719,2015-11-11 21:00:00,15.5,13.1,75,11.1
"259",22719,2015-11-11 22:00:00,15.5,13.1,75,11.1
"260",22719,2015-11-11 23:00:00,15.8,13.6,77,11.8
"261",22719,2015-11-12 00:00:00,15.9,14.1,81,12.7
"262",22719,2015-11-12 01:00:00,15.9,14.2,82,12.8
"263",22719,2015-11-12 02:00:00,15.7,14.6,88,13.7
"264",22719,2015-11-12 03:00:00,15.4,14.1,86,13.1
"265",22719,2015-11-12 04:00:00,15.2,13.4,81,12
"266",22719,2015-11-12 05:00:00,15.4,13.7,82,12.4
"267",22719,2015-11-12 06:00:00,15.2,13.3,80,11.8
"268",22719,2015-11-12 07:00:00,16.2,13.7,74,11.6
"269",22719,2015-11-12 08:00:00,16.6,13.8,72,11.6
"270",22719,2015-11-12 09:00:00,17.4,14.4,70,11.9
"271",22719,2015-11-12 10:00:00,18.2,14.7,67,12
"272",22719,2015-11-12 11:00:00,18.4,14.8,66,11.9
"273",22719,2015-11-12 12:00:00,18.7,15,65,12
"274",22719,2015-11-12 13:00:00,19.6,15.6,64,12.6
"275",22719,2015-11-12 14:00:00,19.8,16.2,67,13.5
"276",22719,2015-11-12 15:00:00,19.3,15.4,64,12.3
"277",22719,2015-11-12 16:00:00,18.8,14.8,63,11.6
"278",22719,2015-11-12 17:00:00,18.6,14.1,58,10.2
"279",22719,2015-11-12 18:00:00,17.3,12.4,53,7.7
"280",22719,2015-11-12 19:00:00,14.7,12.3,74,10.1
"281",22719,2015-11-12 20:00:00,14.2,11.7,72,9.2
"282",22719,2015-11-12 21:00:00,12.7,10.5,74,8.2
"283",22719,2015-11-12 22:00:00,12,9.8,74,7.5
"284",22719,2015-11-12 23:00:00,11.2,9.2,75,7
"285",22719,2015-11-13 00:00:00,11,8.6,70,5.8
"286",22719,2015-11-13 01:00:00,10,7.1,63,3.3
"287",22719,2015-11-13 02:00:00,9.5,6.2,57,1.4
"288",22719,2015-11-13 03:00:00,9,5.7,57,1
"289",22719,2015-11-13 04:00:00,8.1,5.2,60,0.8
"290",22719,2015-11-13 05:00:00,7.4,5.2,69,2.1
"291",22719,2015-11-13 06:00:00,8.6,6,65,2.4
"292",22719,2015-11-13 07:00:00,9.8,6.4,57,1.7
"293",22719,2015-11-13 08:00:00,10.8,6.9,53,1.6
"294",22719,2015-11-13 09:00:00,12.1,7.3,45,0.6
"295",22719,2015-11-13 10:00:00,13.9,8.3,41,0.9
"296",22719,2015-11-13 11:00:00,15.2,8.9,37,0.6
"297",22719,2015-11-13 12:00:00,15.9,9.2,35,0.5
"298",22719,2015-11-13 13:00:00,16.7,9.8,35,1.2
"299",22719,2015-11-13 14:00:00,18,10.6,33,1.5
"300",22719,2015-11-13 15:00:00,17.2,11.7,48,6.1
"301",22719,2015-11-13 16:00:00,16.6,11.3,48,5.6
"302",22719,2015-11-13 17:00:00,15.9,10.4,45,4
"303",22719,2015-11-13 18:00:00,15.2,10.1,48,4.3
"304",22719,2015-11-13 19:00:00,13.2,9.5,59,5.4
"305",22719,2015-11-13 20:00:00,12.1,9.3,67,6.2
"306",22719,2015-11-13 21:00:00,11.9,8.6,61,4.6
"307",22719,2015-11-13 22:00:00,11.6,8.4,62,4.6
"308",22719,2015-11-13 23:00:00,10.8,8,66,4.7
"309",22719,2015-11-14 00:00:00,9.2,7.2,73,4.6
"310",22719,2015-11-14 01:00:00,8.2,6.5,77,4.4
"311",22719,2015-11-14 02:00:00,7.6,6,77,3.8
"312",22719,2015-11-14 03:00:00,8.3,7.2,85,5.9
"313",22719,2015-11-14 04:00:00,8.6,7.4,84,6.1
"314",22719,2015-11-14 05:00:00,7.2,6.3,87,5.2
"315",22719,2015-11-14 06:00:00,8.8,7.4,81,5.7
"316",22719,2015-11-14 07:00:00,12.5,10.5,76,8.4
"317",22719,2015-11-14 08:00:00,14.5,10.5,57,6.1
"318",22719,2015-11-14 09:00:00,16.3,11.9,56,7.5
"319",22719,2015-11-14 10:00:00,17.2,12.1,51,7
"320",22719,2015-11-14 11:00:00,19.6,13.7,48,8.3
"321",22719,2015-11-14 12:00:00,18.6,13,49,7.7
"322",22719,2015-11-14 13:00:00,20.9,13.8,41,7.2
"323",22719,2015-11-14 14:00:00,20.9,12.6,32,3.6
"324",22719,2015-11-14 15:00:00,19.9,11.6,30,1.8
"325",22719,2015-11-14 16:00:00,19.5,12.9,42,6.3
"326",22719,2015-11-14 17:00:00,17.5,12.1,49,6.7
"327",22719,2015-11-14 18:00:00,16.5,11.9,55,7.4
"328",22719,2015-11-14 19:00:00,14.7,11,61,7.3
"329",22719,2015-11-14 20:00:00,13.1,9.6,61,5.8
"330",22719,2015-11-14 21:00:00,12.6,9.8,68,6.9
"331",22719,2015-11-14 22:00:00,12.4,10,72,7.5
"332",22719,2015-11-14 23:00:00,13.2,10.6,70,7.9
"333",22719,2015-11-15 00:00:00,13.8,11.2,71,8.6
"334",22719,2015-11-15 01:00:00,14,11.8,76,9.8
"335",22719,2015-11-15 02:00:00,14.6,12.7,79,11
"336",22719,2015-11-15 03:00:00,14.5,12.7,80,11.1
"337",22719,2015-11-15 04:00:00,14.5,12.9,82,11.5
"338",22719,2015-11-15 05:00:00,14.7,12.9,80,11.3
"339",22719,2015-11-15 06:00:00,14.9,12.9,78,11.1
"340",22719,2015-11-15 07:00:00,15.3,13.1,76,11.1
"341",22719,2015-11-15 08:00:00,16,13.5,74,11.4
"342",22719,2015-11-15 09:00:00,16.7,14.1,74,12.1
"343",22719,2015-11-15 10:00:00,17.6,15.2,76,13.3
"344",22719,2015-11-15 11:00:00,17.9,15.6,77,13.8
"345",22719,2015-11-15 12:00:00,18.8,16.1,74,14.1
"346",22719,2015-11-15 13:00:00,19.7,16.7,72,14.5
"347",22719,2015-11-15 14:00:00,18.7,16.2,76,14.4
"348",22719,2015-11-15 15:00:00,19,16.4,75,14.5
"349",22719,2015-11-15 16:00:00,18.3,16,78,14.4
"350",22719,2015-11-15 17:00:00,18,15.8,78,14.1
"351",22719,2015-11-15 18:00:00,17.9,15.8,79,14.2
"352",22719,2015-11-15 19:00:00,17.3,15.5,82,14.2
"353",22719,2015-11-15 20:00:00,17.1,15.4,83,14.2
"354",22719,2015-11-15 21:00:00,16.4,15.3,88,14.4
"355",22719,2015-11-15 22:00:00,16,15.1,90,14.4
"356",22719,2015-11-15 23:00:00,16,15.1,90,14.4
"357",22719,2015-11-16 00:00:00,16,15,89,14.2
"358",22719,2015-11-16 01:00:00,16.5,15.2,86,14.2
"359",22719,2015-11-16 02:00:00,16.3,14.8,84,13.6
"360",22719,2015-11-16 03:00:00,15.9,14.7,87,13.8
"361",22719,2015-11-16 04:00:00,15.6,14.7,90,14
"362",22719,2015-11-16 05:00:00,15.4,14.7,92,14.1
"363",22719,2015-11-16 06:00:00,15.5,14.9,93,14.4
"364",22719,2015-11-16 07:00:00,15.8,15.2,93,14.7
"365",22719,2015-11-16 08:00:00,16.2,15.4,91,14.7
"366",22719,2015-11-16 09:00:00,16.1,15.4,92,14.8
"367",22719,2015-11-16 10:00:00,16.4,15.6,92,15.1
"368",22719,2015-11-16 11:00:00,16.4,15.7,93,15.3
"369",22719,2015-11-16 12:00:00,16.8,16.1,93,15.7
"370",22719,2015-11-16 13:00:00,16.8,16,92,15.5
"371",22719,2015-11-16 14:00:00,17.1,16.4,93,16
"372",22719,2015-11-16 15:00:00,18.2,17,88,16.2
"373",22719,2015-11-16 16:00:00,17.6,16.4,88,15.6
"374",22719,2015-11-16 17:00:00,15.7,14.9,91,14.3
"375",22719,2015-11-16 18:00:00,15.8,14.5,86,13.5
"376",22719,2015-11-16 19:00:00,15.1,13.6,84,12.4
"377",22719,2015-11-16 20:00:00,14.4,13.2,87,12.3
"378",22719,2015-11-16 21:00:00,14.3,13.1,86,12
"379",22719,2015-11-16 22:00:00,14,12,78,10.2
"380",22719,2015-11-16 23:00:00,13.3,11.4,78,9.6
"381",22719,2015-11-17 00:00:00,13.7,11.5,75,9.4
"382",22719,2015-11-17 01:00:00,13.6,11.3,74,9.1
"383",22719,2015-11-17 02:00:00,13.3,11,74,8.8
"384",22719,2015-11-17 03:00:00,13.2,10.8,73,8.5
"385",22719,2015-11-17 04:00:00,13.3,10.3,66,7.1
"386",22719,2015-11-17 05:00:00,13.4,10.6,68,7.6
"387",22719,2015-11-17 06:00:00,13.5,10.6,67,7.5
"388",22719,2015-11-17 07:00:00,14.7,11.8,69,9.1
"389",22719,2015-11-17 08:00:00,15.6,12.7,70,10.2
"390",22719,2015-11-17 09:00:00,16.2,12.9,66,9.9
"391",22719,2015-11-17 10:00:00,17.6,13.8,63,10.5
"392",22719,2015-11-17 11:00:00,15.1,13.2,79,11.5
"393",22719,2015-11-17 12:00:00,17.4,13.3,60,9.6
"394",22719,2015-11-17 13:00:00,18,14,62,10.6
"395",22719,2015-11-17 14:00:00,16.7,13.5,68,10.8
"396",22719,2015-11-17 15:00:00,17,13.1,62,9.7
"397",22719,2015-11-17 16:00:00,16.5,13.2,67,10.4
"398",22719,2015-11-17 17:00:00,16,13.2,71,10.8
"399",22719,2015-11-17 18:00:00,15.6,12.9,72,10.6
"400",22719,2015-11-17 19:00:00,15.1,12.7,74,10.5
"401",22719,2015-11-17 20:00:00,14.9,12.7,76,10.7
"402",22719,2015-11-17 21:00:00,14.9,13,79,11.3
"403",22719,2015-11-17 22:00:00,14.9,12.7,76,10.7
"404",22719,2015-11-17 23:00:00,14.7,12.6,77,10.7
"405",22719,2015-11-18 00:00:00,14.7,12.2,73,9.9
"406",22719,2015-11-18 01:00:00,14.8,12.5,75,10.4
"407",22719,2015-11-18 02:00:00,14.5,12.7,80,11.1
"408",22719,2015-11-18 03:00:00,14.7,12.9,80,11.3
"409",22719,2015-11-18 04:00:00,14.9,13.1,80,11.5
"410",22719,2015-11-18 05:00:00,14.2,12.8,84,11.5
"411",22719,2015-11-18 06:00:00,13.9,12.7,86,11.6
"412",22719,2015-11-18 07:00:00,15.1,12.6,73,10.3
"413",22719,2015-11-18 08:00:00,14.7,12.5,76,10.5
"414",22719,2015-11-18 09:00:00,16.1,12.6,64,9.3
"415",22719,2015-11-18 10:00:00,16.7,12.9,62,9.4
"416",22719,2015-11-18 11:00:00,16.4,12.1,57,7.9
"417",22719,2015-11-18 12:00:00,15.6,11.6,59,7.6
"418",22719,2015-11-18 13:00:00,16,12.1,60,8.3
"419",22719,2015-11-18 14:00:00,16.9,12.1,53,7.3
"420",22719,2015-11-18 15:00:00,16.7,12.1,55,7.6
"421",22719,2015-11-18 16:00:00,16.8,12.5,58,8.5
"422",22719,2015-11-18 17:00:00,15.4,11.6,61,7.9
"423",22719,2015-11-18 18:00:00,15,11.6,64,8.3
"424",22719,2015-11-18 19:00:00,14,11.2,69,8.4
"425",22719,2015-11-18 20:00:00,13.4,11.1,74,8.9
"426",22719,2015-11-18 21:00:00,12.9,10.9,77,9
"427",22719,2015-11-18 22:00:00,11.7,10.5,85,9.3
"428",22719,2015-11-18 23:00:00,10.6,9.6,87,8.5
"429",22719,2015-11-19 00:00:00,10.2,9.4,89,8.5
"430",22719,2015-11-19 01:00:00,9.3,8.6,91,7.9
"431",22719,2015-11-19 02:00:00,9.2,8.6,92,8
"432",22719,2015-11-19 03:00:00,9.2,8.7,93,8.1
"433",22719,2015-11-19 04:00:00,9,8.4,92,7.8
"434",22719,2015-11-19 05:00:00,10,9.4,92,8.8
"435",22719,2015-11-19 06:00:00,11.7,11,91,10.3
"436",22719,2015-11-19 07:00:00,13.4,12.9,94,12.5
"437",22719,2015-11-19 08:00:00,14.4,13,84,11.7
"438",22719,2015-11-19 09:00:00,15,13.1,79,11.4
"439",22719,2015-11-19 10:00:00,15,12.9,77,11
"440",22719,2015-11-19 11:00:00,16.3,13.6,72,11.2
"441",22719,2015-11-19 12:00:00,15.9,13.1,71,10.7
"442",22719,2015-11-19 13:00:00,15.9,13,70,10.5
"443",22719,2015-11-19 14:00:00,15.9,13.1,71,10.7
"444",22719,2015-11-19 15:00:00,16.4,13,66,10
"445",22719,2015-11-19 16:00:00,16.7,13.1,64,9.9
"446",22719,2015-11-19 17:00:00,15.8,13,71,10.6
"447",22719,2015-11-19 18:00:00,15.6,12.9,72,10.6
"448",22719,2015-11-19 19:00:00,15.2,12.5,71,10
"449",22719,2015-11-19 20:00:00,15.2,12.5,71,10
"450",22719,2015-11-19 21:00:00,15.2,12.7,73,10.4
"451",22719,2015-11-19 22:00:00,14.8,12.4,74,10.2
"452",22719,2015-11-19 23:00:00,14.7,12.4,75,10.3
"453",22719,2015-11-20 00:00:00,14.8,12.6,76,10.6
"454",22719,2015-11-20 01:00:00,14.6,12.7,79,11
"455",22719,2015-11-20 02:00:00,14.6,12.8,80,11.2
"456",22719,2015-11-20 03:00:00,14.6,12.7,79,11
"457",22719,2015-11-20 04:00:00,15.2,12.9,75,10.8
"458",22719,2015-11-20 05:00:00,15.3,13.2,78,11.5
"459",22719,2015-11-20 06:00:00,15.5,13.5,79,11.9
"460",22719,2015-11-20 07:00:00,15.9,13.9,79,12.3
"461",22719,2015-11-20 08:00:00,16,14.1,80,12.6
"462",22719,2015-11-20 09:00:00,15.8,14.3,84,13.1
"463",22719,2015-11-20 10:00:00,17.2,14.6,74,12.5
"464",22719,2015-11-20 11:00:00,19.5,15.6,64,12.5
"465",22719,2015-11-20 12:00:00,19.7,14.8,56,10.7
"466",22719,2015-11-20 13:00:00,19.5,14.4,54,10
"467",22719,2015-11-20 14:00:00,19.1,14,54,9.6
"468",22719,2015-11-20 15:00:00,19.3,14.6,57,10.6
"469",22719,2015-11-20 16:00:00,16.9,14.4,75,12.4
"470",22719,2015-11-20 17:00:00,15.5,14.1,85,13
"471",22719,2015-11-20 18:00:00,15.8,13.9,80,12.4
"472",22719,2015-11-20 19:00:00,16.3,14.4,80,12.9
"473",22719,2015-11-20 20:00:00,16.5,14.9,83,13.6
"474",22719,2015-11-20 21:00:00,16.6,15.2,85,14.1
"475",22719,2015-11-20 22:00:00,17,15.8,88,15
"476",22719,2015-11-20 23:00:00,17.3,15.9,86,14.9
"477",22719,2015-11-21 00:00:00,17.4,15.6,82,14.3
"478",22719,2015-11-21 01:00:00,17.4,15.4,80,13.9
"479",22719,2015-11-21 02:00:00,17.2,15.5,83,14.3
"480",22719,2015-11-21 03:00:00,17.2,15.8,86,14.9
"481",22719,2015-11-21 04:00:00,16.8,15.8,90,15.2
"482",22719,2015-11-21 05:00:00,16.6,15.7,91,15.1
"483",22719,2015-11-21 06:00:00,16.6,15.8,92,15.3
"484",22719,2015-11-21 07:00:00,17,15.9,89,15.2
"485",22719,2015-11-21 08:00:00,16.6,15.7,91,15.1
"486",22719,2015-11-21 09:00:00,16.2,15.3,90,14.6
"487",22719,2015-11-21 10:00:00,15.9,14.6,86,13.6
"488",22719,2015-11-21 11:00:00,15.4,14.5,90,13.8
"489",22719,2015-11-21 12:00:00,15,14.3,92,13.7
"490",22719,2015-11-21 13:00:00,17,16,90,15.4
"491",22719,2015-11-21 14:00:00,16.8,16,92,15.5
"492",22719,2015-11-21 15:00:00,17.4,16.4,90,15.7
"493",22719,2015-11-21 16:00:00,18,16.6,86,15.6
"494",22719,2015-11-21 17:00:00,19.6,17.1,77,15.5
"495",22719,2015-11-21 18:00:00,18.2,16.4,82,15.1
"496",22719,2015-11-21 19:00:00,17.3,16.4,91,15.8
"497",22719,2015-11-21 20:00:00,17.5,16.6,91,16
"498",22719,2015-11-21 21:00:00,17.7,16.8,91,16.2
"499",22719,2015-11-21 22:00:00,17.6,16.8,92,16.3
"500",22719,2015-11-21 23:00:00,17.6,16.8,92,16.3
"501",22719,2015-11-22 00:00:00,17.6,16.9,93,16.5
"502",22719,2015-11-22 01:00:00,17.7,17,93,16.6
"503",22719,2015-11-22 02:00:00,17.6,17,94,16.6
"504",22719,2015-11-22 03:00:00,17.4,16.8,94,16.4
"505",22719,2015-11-22 04:00:00,16.4,15.7,93,15.3
"506",22719,2015-11-22 05:00:00,15.7,14.8,90,14.1
"507",22719,2015-11-22 06:00:00,16.2,15,87,14
"508",22719,2015-11-22 07:00:00,17,15.4,84,14.3
"509",22719,2015-11-22 08:00:00,17.9,15.3,75,13.4
"510",22719,2015-11-22 09:00:00,18,15.2,73,13.1
"511",22719,2015-11-22 10:00:00,16.6,15,83,13.7
"512",22719,2015-11-22 11:00:00,18.2,15.6,75,13.7
"513",22719,2015-11-22 12:00:00,19.2,16.2,72,14.1
"514",22719,2015-11-22 13:00:00,19.5,16.4,71,14.1
"515",22719,2015-11-22 14:00:00,19.4,16.4,72,14.2
"516",22719,2015-11-22 15:00:00,19.4,16.3,71,14
"517",22719,2015-11-22 16:00:00,18.1,14.8,68,12.1
"518",22719,2015-11-22 17:00:00,17.6,14.5,70,12.1
"519",22719,2015-11-22 18:00:00,16.8,14.4,76,12.6
"520",22719,2015-11-22 19:00:00,16.3,14.3,79,12.7
"521",22719,2015-11-22 20:00:00,15.7,13.4,76,11.5
"522",22719,2015-11-22 21:00:00,15.6,13.3,76,11.4
"523",22719,2015-11-22 22:00:00,15.3,13.1,77,11.3
"524",22719,2015-11-22 23:00:00,14.7,12.5,76,10.5
"525",22719,2015-11-23 00:00:00,13.8,11.7,76,9.7
"526",22719,2015-11-23 01:00:00,13.4,11.1,74,8.9
"527",22719,2015-11-23 02:00:00,12.5,10.7,79,9
"528",22719,2015-11-23 03:00:00,12.1,10.6,82,9.1
"529",22719,2015-11-23 04:00:00,12.3,10.7,81,9.1
"530",22719,2015-11-23 05:00:00,11.7,10.5,85,9.3
"531",22719,2015-11-23 06:00:00,13.4,11.2,75,9.1
"532",22719,2015-11-23 07:00:00,15.4,12.5,69,9.8
"533",22719,2015-11-23 08:00:00,16.6,12.7,61,9.1
"534",22719,2015-11-23 09:00:00,17.2,12.8,57,8.6
"535",22719,2015-11-23 10:00:00,18,13.9,61,10.4
"536",22719,2015-11-23 11:00:00,18.6,13.8,56,9.7
"537",22719,2015-11-23 12:00:00,18.7,14,57,10
"538",22719,2015-11-23 13:00:00,19.2,14.5,57,10.5
"539",22719,2015-11-23 14:00:00,19.2,14.4,56,10.2
"540",22719,2015-11-23 15:00:00,19.3,15.1,62,11.8
"541",22719,2015-11-23 16:00:00,18,14.1,63,10.9
"542",22719,2015-11-23 17:00:00,17.8,14,63,10.7
"543",22719,2015-11-23 18:00:00,17.1,13.2,62,9.8
"544",22719,2015-11-23 19:00:00,15.7,12.1,63,8.7
"545",22719,2015-11-23 20:00:00,14.6,11.9,71,9.4
"546",22719,2015-11-23 21:00:00,14.2,11.5,70,8.8
"547",22719,2015-11-23 22:00:00,13.1,11.1,77,9.2
"548",22719,2015-11-23 23:00:00,12.7,11.3,83,9.9
"549",22719,2015-11-24 00:00:00,12.2,10.7,82,9.2
"550",22719,2015-11-24 01:00:00,11.6,10.6,88,9.7
"551",22719,2015-11-24 02:00:00,11.7,10.7,88,9.8
"552",22719,2015-11-24 03:00:00,11.3,10.3,88,9.4
"553",22719,2015-11-24 04:00:00,10.1,9.4,91,8.7
"554",22719,2015-11-24 05:00:00,10.2,9.6,92,9
"555",22719,2015-11-24 06:00:00,11.7,10.7,88,9.8
"556",22719,2015-11-24 07:00:00,14.9,12.8,77,10.9
"557",22719,2015-11-24 08:00:00,16.8,12.7,60,9
"558",22719,2015-11-24 09:00:00,18.1,13.6,58,9.7
"559",22719,2015-11-24 10:00:00,19.4,14.5,56,10.4
"560",22719,2015-11-24 11:00:00,20.1,15.1,56,11.1
"561",22719,2015-11-24 12:00:00,20.5,15.1,53,10.6
"562",22719,2015-11-24 13:00:00,20,15,56,11
"563",22719,2015-11-24 14:00:00,21.8,16.2,53,11.8
"564",22719,2015-11-24 15:00:00,20.7,15.4,54,11.1
"565",22719,2015-11-24 16:00:00,21,15.9,56,11.9
"566",22719,2015-11-24 17:00:00,20.4,15.5,57,11.6
"567",22719,2015-11-24 18:00:00,18.7,13.8,55,9.5
"568",22719,2015-11-24 19:00:00,17.7,13.5,60,9.8
"569",22719,2015-11-24 20:00:00,17.1,13.4,64,10.3
"570",22719,2015-11-24 21:00:00,17,13.2,63,9.9
"571",22719,2015-11-24 22:00:00,16.6,13.1,65,10
"572",22719,2015-11-24 23:00:00,16.6,13.1,65,10
"573",22719,2015-11-25 00:00:00,15.8,13.1,72,10.8
"574",22719,2015-11-25 01:00:00,15.5,12.8,72,10.5
"575",22719,2015-11-25 02:00:00,15.5,13,74,10.9
"576",22719,2015-11-25 03:00:00,15.5,13.1,75,11.1
"577",22719,2015-11-25 04:00:00,15.4,13.2,77,11.4
"578",22719,2015-11-25 05:00:00,15.3,13.3,79,11.7
"579",22719,2015-11-25 06:00:00,15.6,13.7,80,12.2
"580",22719,2015-11-25 07:00:00,16.3,14,76,12.1
"581",22719,2015-11-25 08:00:00,18.9,15.4,67,12.7
"582",22719,2015-11-25 09:00:00,19.7,16.1,67,13.4
"583",22719,2015-11-25 10:00:00,21.7,17.4,63,14.4
"584",22719,2015-11-25 11:00:00,23,18.1,60,14.8
"585",22719,2015-11-25 12:00:00,23.8,19.1,62,16.1
"586",22719,2015-11-25 13:00:00,23,18.1,60,14.8
"587",22719,2015-11-25 14:00:00,24.6,19.5,60,16.3
"588",22719,2015-11-25 15:00:00,25.5,20,58,16.6
"589",22719,2015-11-25 16:00:00,22.9,19.5,71,17.4
"590",22719,2015-11-25 17:00:00,23.2,19.1,66,16.5
"591",22719,2015-11-25 18:00:00,21.1,17.8,71,15.7
"592",22719,2015-11-25 19:00:00,20,17.4,76,15.6
"593",22719,2015-11-25 20:00:00,18.6,16.8,82,15.5
"594",22719,2015-11-25 21:00:00,18.2,16.6,84,15.5
"595",22719,2015-11-25 22:00:00,18.3,16.7,84,15.6
"596",22719,2015-11-25 23:00:00,18.1,16.7,86,15.7
"597",22719,2015-11-26 00:00:00,18.4,17.1,87,16.2
"598",22719,2015-11-26 01:00:00,18.1,17.2,91,16.6
"599",22719,2015-11-26 02:00:00,18,17.2,92,16.7
"600",22719,2015-11-26 03:00:00,18.2,17.5,93,17.1
"601",22719,2015-11-26 04:00:00,18.3,17.7,94,17.3
"602",22719,2015-11-26 05:00:00,18.2,17.5,93,17.1
"603",22719,2015-11-26 06:00:00,18.4,17.7,93,17.3
"604",22719,2015-11-26 07:00:00,19.4,18.2,88,17.4
"605",22719,2015-11-26 08:00:00,19.9,18.1,83,16.9
"606",22719,2015-11-26 09:00:00,19.9,18.3,85,17.3
"607",22719,2015-11-26 10:00:00,21.4,18.9,78,17.4
"608",22719,2015-11-26 11:00:00,21,18.8,80,17.4
"609",22719,2015-11-26 12:00:00,21.8,18.6,72,16.5
"610",22719,2015-11-26 13:00:00,23,19.2,68,16.8
"611",22719,2015-11-26 14:00:00,24.6,19.1,57,15.5
"612",22719,2015-11-26 15:00:00,25.2,19.7,58,16.4
"613",22719,2015-11-26 16:00:00,26.3,20.8,59,17.7
"614",22719,2015-11-26 17:00:00,24.5,19.7,62,16.8
"615",22719,2015-11-26 18:00:00,21.9,18.3,69,16
"616",22719,2015-11-26 19:00:00,20.5,18.2,79,16.7
"617",22719,2015-11-26 20:00:00,20,18.2,83,17
"618",22719,2015-11-26 21:00:00,19.5,17.7,83,16.6
"619",22719,2015-11-26 22:00:00,19.1,17.4,84,16.3
"620",22719,2015-11-26 23:00:00,18.4,17,86,16
"621",22719,2015-11-27 00:00:00,18.1,17,89,16.3
"622",22719,2015-11-27 01:00:00,18.2,17.3,91,16.7
"623",22719,2015-11-27 02:00:00,18.3,17.1,88,16.3
"624",22719,2015-11-27 03:00:00,18.1,16.8,87,15.9
"625",22719,2015-11-27 04:00:00,17.8,16.6,88,15.8
"626",22719,2015-11-27 05:00:00,17.1,15.7,86,14.7
"627",22719,2015-11-27 06:00:00,17.7,16,83,14.8
"628",22719,2015-11-27 07:00:00,19.7,17.1,76,15.4
"629",22719,2015-11-27 08:00:00,20.4,17.7,75,15.8
"630",22719,2015-11-27 09:00:00,21.5,18.1,70,15.8
"631",22719,2015-11-27 10:00:00,21.7,18.1,69,15.8
"632",22719,2015-11-27 11:00:00,23.5,18.9,63,16.1
"633",22719,2015-11-27 12:00:00,24.5,19.4,60,16.2
"634",22719,2015-11-27 13:00:00,25.2,19.7,58,16.4
"635",22719,2015-11-27 14:00:00,24.7,19.2,57,15.6
"636",22719,2015-11-27 15:00:00,25.2,20.2,61,17.2
"637",22719,2015-11-27 16:00:00,22.7,19.1,70,17
"638",22719,2015-11-27 17:00:00,21.5,19.1,79,17.7
"639",22719,2015-11-27 18:00:00,21.4,18.7,76,17
"640",22719,2015-11-27 19:00:00,19.2,18.3,91,17.7
"641",22719,2015-11-27 20:00:00,19.2,18.6,94,18.2
"642",22719,2015-11-27 21:00:00,18.7,17.9,92,17.4
"643",22719,2015-11-27 22:00:00,18.6,18,94,17.6
"644",22719,2015-11-27 23:00:00,18.8,18.1,93,17.6
"645",22719,2015-11-28 00:00:00,18.8,18,92,17.5
"646",22719,2015-11-28 01:00:00,18.8,18,92,17.5
"647",22719,2015-11-28 02:00:00,18.5,17.8,93,17.4
"648",22719,2015-11-28 03:00:00,18.5,17.8,93,17.4
"649",22719,2015-11-28 04:00:00,18.6,17.8,92,17.3
"650",22719,2015-11-28 05:00:00,18.6,17.8,92,17.3
"651",22719,2015-11-28 06:00:00,18.9,18.1,92,17.6
"652",22719,2015-11-28 07:00:00,19.5,18.4,89,17.6
"653",22719,2015-11-28 08:00:00,20.4,18.8,85,17.8
"654",22719,2015-11-28 09:00:00,20.8,19.3,86,18.4
"655",22719,2015-11-28 10:00:00,20.4,19.3,90,18.7
"656",22719,2015-11-28 11:00:00,22,19.6,79,18.2
"657",22719,2015-11-28 12:00:00,22.9,20,75,18.2
"658",22719,2015-11-28 13:00:00,23.1,19.5,70,17.3
"659",22719,2015-11-28 14:00:00,23.8,20.4,72,18.5
"660",22719,2015-11-28 15:00:00,20.9,19.6,88,18.9
"661",22719,2015-11-28 16:00:00,16.7,15.9,92,15.4
"662",22719,2015-11-28 17:00:00,16.3,15.6,93,15.2
"663",22719,2015-11-28 18:00:00,16.4,15.3,88,14.4
"664",22719,2015-11-28 19:00:00,16,13.9,78,12.2
"665",22719,2015-11-28 20:00:00,15.8,14.1,82,12.7
"666",22719,2015-11-28 21:00:00,15.7,13.8,80,12.3
"667",22719,2015-11-28 22:00:00,16.2,14.2,79,12.6
"668",22719,2015-11-28 23:00:00,16.3,14.3,79,12.7
"669",22719,2015-11-29 00:00:00,16.2,13.7,74,11.6
"670",22719,2015-11-29 01:00:00,16.1,13.6,74,11.5
"671",22719,2015-11-29 02:00:00,15.8,13.2,73,11
"672",22719,2015-11-29 03:00:00,15.6,13.2,75,11.2
"673",22719,2015-11-29 04:00:00,15.4,13.1,76,11.2
"674",22719,2015-11-29 05:00:00,14.7,12.7,78,10.9
"675",22719,2015-11-29 06:00:00,15.5,13.3,77,11.5
"676",22719,2015-11-29 07:00:00,16.3,13.9,75,11.9
"677",22719,2015-11-29 08:00:00,16.7,13.8,71,11.4
"678",22719,2015-11-29 09:00:00,17.6,14.1,66,11.2
"679",22719,2015-11-29 10:00:00,18.7,13.9,56,9.8
"680",22719,2015-11-29 11:00:00,20.1,14.6,52,10
"681",22719,2015-11-29 12:00:00,21.1,16.3,59,12.8
"682",22719,2015-11-29 13:00:00,21.4,16.6,59,13.1
"683",22719,2015-11-29 14:00:00,20.9,16.8,64,13.9
"684",22719,2015-11-29 15:00:00,22.3,17.6,61,14.4
"685",22719,2015-11-29 16:00:00,22.2,17.7,62,14.6
"686",22719,2015-11-29 17:00:00,21.5,16.9,61,13.7
"687",22719,2015-11-29 18:00:00,20.7,16.1,60,12.7
"688",22719,2015-11-29 19:00:00,18.9,15.1,65,12.2
"689",22719,2015-11-29 20:00:00,17.4,15.1,77,13.3
"690",22719,2015-11-29 21:00:00,17,15.1,81,13.7
"691",22719,2015-11-29 22:00:00,16.6,15,83,13.7
"692",22719,2015-11-29 23:00:00,16.1,15,88,14.1
"693",22719,2015-11-30 00:00:00,16.2,14.9,86,13.9
"694",22719,2015-11-30 01:00:00,16.5,15.2,86,14.2
"695",22719,2015-11-30 02:00:00,16.5,15.1,85,14
"696",22719,2015-11-30 03:00:00,18,15.9,79,14.3
"697",22719,2015-11-30 04:00:00,17.9,15.5,76,13.6
"698",22719,2015-11-30 05:00:00,18,15.8,78,14.1
"699",22719,2015-11-30 06:00:00,18.1,16.3,82,15
"700",22719,2015-11-30 07:00:00,18.6,16.6,81,15.3
"701",22719,2015-11-30 08:00:00,19.5,16.9,76,15.2
"702",22719,2015-11-30 09:00:00,19.8,17.2,76,15.5
"703",22719,2015-11-30 10:00:00,21,17.8,72,15.8
"704",22719,2015-11-30 11:00:00,22,18.1,67,15.6
"705",22719,2015-11-30 12:00:00,22.2,18.3,67,15.8
"706",22719,2015-11-30 13:00:00,22.3,18.4,67,15.9
"707",22719,2015-11-30 14:00:00,22.4,18.6,68,16.2
"708",22719,2015-11-30 15:00:00,22.3,18.9,71,16.8
"709",22719,2015-11-30 16:00:00,21.6,18.6,74,16.8
"710",22719,2015-11-30 17:00:00,21.3,18.2,73,16.3
"711",22719,2015-11-30 18:00:00,21.1,18.2,74,16.3
"712",22719,2015-11-30 19:00:00,20.6,18.1,77,16.4
"713",22719,2015-11-30 20:00:00,20,17.9,80,16.5
"714",22719,2015-11-30 21:00:00,19.6,17.7,82,16.5
"715",22719,2015-11-30 22:00:00,19.1,17.4,84,16.3
"716",22719,2015-11-30 23:00:00,18.4,17.1,87,16.2
"717",22719,2015-12-01 00:00:00,18.2,17.1,89,16.4
"718",22719,2015-12-01 01:00:00,18.4,17.3,89,16.6
"719",22719,2015-12-01 02:00:00,18.6,17.2,86,16.2
"720",22719,2015-12-01 03:00:00,18.6,17.3,87,16.4
"721",22719,2015-12-01 04:00:00,18.4,17,86,16
"722",22719,2015-12-01 05:00:00,18.3,17,87,16.1
"723",22719,2015-12-01 06:00:00,18.5,17,85,15.9
"724",22719,2015-12-01 07:00:00,19.1,17.2,82,16
"725",22719,2015-12-01 08:00:00,19.4,17.5,82,16.3
"726",22719,2015-12-01 09:00:00,20.3,17.8,77,16.2
"727",22719,2015-12-01 10:00:00,21.4,18.2,72,16.2
"728",22719,2015-12-01 11:00:00,21.2,18.3,74,16.4
"729",22719,2015-12-01 12:00:00,21.5,18.2,71,16
"730",22719,2015-12-01 13:00:00,21.6,18.3,71,16.1
"731",22719,2015-12-01 14:00:00,19.8,17.1,75,15.2
"732",22719,2015-12-01 15:00:00,20.3,17.2,72,15.1
"733",22719,2015-12-01 16:00:00,19.8,16.9,73,14.8
"734",22719,2015-12-01 17:00:00,19.8,16.5,70,14.2
"735",22719,2015-12-01 18:00:00,19.3,16.2,71,13.9
"736",22719,2015-12-01 19:00:00,19,16.3,74,14.3
"737",22719,2015-12-01 20:00:00,18.5,16,76,14.2
"738",22719,2015-12-01 21:00:00,17.9,15.3,75,13.4
"739",22719,2015-12-01 22:00:00,17.4,15.3,79,13.7
"740",22719,2015-12-01 23:00:00,17.2,15.2,80,13.7
"741",22719,2015-12-02 00:00:00,16.9,14.8,79,13.2
"742",22719,2015-12-02 01:00:00,16.9,14.9,80,13.4
"743",22719,2015-12-02 02:00:00,16.4,14.6,81,13.1
"744",22719,2015-12-02 03:00:00,16.6,14.9,82,13.5
"745",22719,2015-12-02 04:00:00,16.2,14.7,84,13.5
"746",22719,2015-12-02 05:00:00,16.8,14.8,80,13.3
"747",22719,2015-12-02 06:00:00,17.3,15.1,78,13.4
"748",22719,2015-12-02 07:00:00,18,15.4,75,13.5
"749",22719,2015-12-02 08:00:00,18.8,15.6,70,13.2
"750",22719,2015-12-02 09:00:00,18.9,15.6,69,13.1
"751",22719,2015-12-02 10:00:00,19.4,16.1,69,13.6
"752",22719,2015-12-02 11:00:00,20.8,16.5,62,13.3
"753",22719,2015-12-02 12:00:00,21.4,16.6,59,13.1
"754",22719,2015-12-02 13:00:00,20.8,16.5,62,13.3
"755",22719,2015-12-02 14:00:00,20.8,16.5,62,13.3
"756",22719,2015-12-02 15:00:00,20.6,16.3,62,13.1
"757",22719,2015-12-02 16:00:00,20.2,16.1,63,12.9
"758",22719,2015-12-02 17:00:00,19.8,15.8,64,12.8
"759",22719,2015-12-02 18:00:00,19,15.3,66,12.5
"760",22719,2015-12-02 19:00:00,18.2,14.9,68,12.2
"761",22719,2015-12-02 20:00:00,17.9,14.7,69,12.2
"762",22719,2015-12-02 21:00:00,17.7,14.6,70,12.2
"763",22719,2015-12-02 22:00:00,17.5,14.8,73,12.6
"764",22719,2015-12-02 23:00:00,16.8,14.3,75,12.4
"765",22719,2015-12-03 00:00:00,16.8,13.9,71,11.5
"766",22719,2015-12-03 01:00:00,16.2,13.5,72,11.2
"767",22719,2015-12-03 02:00:00,15.5,13.1,75,11.1
"768",22719,2015-12-03 03:00:00,14.5,12.7,80,11.1
"769",22719,2015-12-03 04:00:00,13.5,12.2,85,11
"770",22719,2015-12-03 05:00:00,13.3,12.3,88,11.4
"771",22719,2015-12-03 06:00:00,14.4,13.2,86,12.1
"772",22719,2015-12-03 07:00:00,17.6,14.2,67,11.4
"773",22719,2015-12-03 08:00:00,18.9,14.5,59,10.7
"774",22719,2015-12-03 09:00:00,19.3,14.8,59,11.1
"775",22719,2015-12-03 10:00:00,20,15,56,11
"776",22719,2015-12-03 11:00:00,21.2,15.8,54,11.5
"777",22719,2015-12-03 12:00:00,21.2,16,56,12.1
"778",22719,2015-12-03 13:00:00,21.8,16,52,11.5
"779",22719,2015-12-03 14:00:00,22.5,17,55,13
"780",22719,2015-12-03 15:00:00,21.2,16.3,58,12.6
"781",22719,2015-12-03 16:00:00,21.6,16.5,57,12.7
"782",22719,2015-12-03 17:00:00,20.7,15.9,58,12.2
"783",22719,2015-12-03 18:00:00,19.7,15.9,65,13
"784",22719,2015-12-03 19:00:00,18.7,16,74,14
"785",22719,2015-12-03 20:00:00,18.5,16,76,14.2
"786",22719,2015-12-03 21:00:00,18.1,15.4,74,13.4
"787",22719,2015-12-03 22:00:00,17.5,15.8,83,14.6
"788",22719,2015-12-03 23:00:00,17.7,15.9,82,14.6
"789",22719,2015-12-04 00:00:00,17.2,15.4,82,14.1
"790",22719,2015-12-04 01:00:00,16.5,14.7,81,13.2
"791",22719,2015-12-04 02:00:00,16.3,14.8,84,13.6
"792",22719,2015-12-04 03:00:00,16.2,14.8,85,13.7
"793",22719,2015-12-04 04:00:00,16,14.8,87,13.8
"794",22719,2015-12-04 05:00:00,16.1,15,88,14.1
"795",22719,2015-12-04 06:00:00,16.8,15.6,88,14.8
"796",22719,2015-12-04 07:00:00,18.3,16.6,83,15.4
"797",22719,2015-12-04 08:00:00,19.2,16.4,74,14.5
"798",22719,2015-12-04 09:00:00,20.7,17.1,68,14.6
"799",22719,2015-12-04 10:00:00,21.8,17.7,65,15
"800",22719,2015-12-04 11:00:00,22,18,66,15.4
"801",22719,2015-12-04 12:00:00,22.4,18.5,67,16
"802",22719,2015-12-04 13:00:00,22,18.4,69,16.1
"803",22719,2015-12-04 14:00:00,22.5,18.2,64,15.4
"804",22719,2015-12-04 15:00:00,22.8,18.9,67,16.4
"805",22719,2015-12-04 16:00:00,22.5,18.3,65,15.6
"806",22719,2015-12-04 17:00:00,21.9,18.1,67,15.5
"807",22719,2015-12-04 18:00:00,20.5,17.7,75,15.9
"808",22719,2015-12-04 19:00:00,19.7,17.5,79,16
"809",22719,2015-12-04 20:00:00,18.3,16.9,86,15.9
"810",22719,2015-12-04 21:00:00,17.7,16.2,85,15.1
"811",22719,2015-12-04 22:00:00,17.2,15.3,81,13.9
"812",22719,2015-12-04 23:00:00,16.5,13.9,73,11.7
"813",22719,2015-12-05 00:00:00,16,14,79,12.4
"814",22719,2015-12-05 01:00:00,15.4,13.6,81,12.2
"815",22719,2015-12-05 02:00:00,15,13.4,83,12.2
"816",22719,2015-12-05 03:00:00,15,13.3,82,12
"817",22719,2015-12-05 04:00:00,15.5,13.7,81,12.3
"818",22719,2015-12-05 05:00:00,16,13.6,75,11.6
"819",22719,2015-12-05 06:00:00,16.5,13.9,73,11.7
"820",22719,2015-12-05 07:00:00,16.6,13.9,73,11.8
"821",22719,2015-12-05 08:00:00,17.9,14.4,66,11.5
"822",22719,2015-12-05 09:00:00,19.4,15.7,66,12.9
"823",22719,2015-12-05 10:00:00,20,15.9,63,12.8
"824",22719,2015-12-05 11:00:00,20.2,15.8,61,12.5
"825",22719,2015-12-05 12:00:00,21.4,16.2,56,12.3
"826",22719,2015-12-05 13:00:00,20.9,16.7,63,13.6
"827",22719,2015-12-05 14:00:00,20.8,16.1,59,12.5
"828",22719,2015-12-05 15:00:00,20.2,15.7,60,12.2
"829",22719,2015-12-05 16:00:00,19.8,15.2,59,11.6
"830",22719,2015-12-05 17:00:00,19.6,15.2,60,11.6
"831",22719,2015-12-05 18:00:00,18.4,14.7,65,11.7
"832",22719,2015-12-05 19:00:00,17.7,14.1,65,11.1
"833",22719,2015-12-05 20:00:00,16.9,13.6,67,10.7
"834",22719,2015-12-05 21:00:00,16.4,13.6,71,11.1
"835",22719,2015-12-05 22:00:00,16.7,13.8,71,11.4
"836",22719,2015-12-05 23:00:00,16.1,14.1,79,12.5
"837",22719,2015-12-06 00:00:00,16.3,14,76,12.1
"838",22719,2015-12-06 01:00:00,16.3,13.8,74,11.7
"839",22719,2015-12-06 02:00:00,16.1,13.8,76,11.9
"840",22719,2015-12-06 03:00:00,15.9,13.5,75,11.5
"841",22719,2015-12-06 04:00:00,15.9,13.5,75,11.5
"842",22719,2015-12-06 05:00:00,15.4,13,75,11
"843",22719,2015-12-06 06:00:00,16.8,13.8,70,11.3
"844",22719,2015-12-06 07:00:00,17.6,14,65,11
"845",22719,2015-12-06 08:00:00,18.3,14.2,61,10.7
"846",22719,2015-12-06 09:00:00,20,15.4,59,11.8
"847",22719,2015-12-06 10:00:00,20.2,15.7,60,12.2
"848",22719,2015-12-06 11:00:00,20.8,16.3,61,13
"849",22719,2015-12-06 12:00:00,22.1,16.3,52,11.8
"850",22719,2015-12-06 13:00:00,21.8,16.7,57,12.9
"851",22719,2015-12-06 14:00:00,21.4,16.2,56,12.3
"852",22719,2015-12-06 15:00:00,20.8,16.2,60,12.8
"853",22719,2015-12-06 16:00:00,20.5,16.2,62,13
"854",22719,2015-12-06 17:00:00,19.8,15.7,63,12.6
"855",22719,2015-12-06 18:00:00,19.3,15.5,65,12.6
"856",22719,2015-12-06 19:00:00,18.4,14.9,67,12.2
"857",22719,2015-12-06 20:00:00,17.8,15.2,74,13.1
"858",22719,2015-12-06 21:00:00,17.5,15,75,13
"859",22719,2015-12-06 22:00:00,16.8,14.5,77,12.8
"860",22719,2015-12-06 23:00:00,16.4,14.4,79,12.8
"861",22719,2015-12-07 00:00:00,16,14.1,80,12.6
"862",22719,2015-12-07 01:00:00,16,14.5,84,13.3
"863",22719,2015-12-07 02:00:00,15.6,13.9,82,12.6
"864",22719,2015-12-07 03:00:00,15.8,14.1,82,12.7
"865",22719,2015-12-07 04:00:00,15.1,13.6,84,12.4
"866",22719,2015-12-07 05:00:00,15.7,14.3,85,13.2
"867",22719,2015-12-07 06:00:00,17.1,15,79,13.4
"868",22719,2015-12-07 07:00:00,17.6,15.2,76,13.3
"869",22719,2015-12-07 08:00:00,19.7,16.8,73,14.7
"870",22719,2015-12-07 09:00:00,20.7,17,67,14.4
"871",22719,2015-12-07 10:00:00,22,17.5,62,14.4
"872",22719,2015-12-07 11:00:00,19.4,17.5,82,16.3
"873",22719,2015-12-07 12:00:00,21.8,18.5,71,16.3
"874",22719,2015-12-07 13:00:00,22.7,18.1,62,15.1
"875",22719,2015-12-07 14:00:00,20.1,16.8,70,14.5
"876",22719,2015-12-07 15:00:00,19.3,16.6,75,14.8
"877",22719,2015-12-07 16:00:00,18.2,15.4,73,13.3
"878",22719,2015-12-07 17:00:00,14.5,13.1,84,11.8
"879",22719,2015-12-07 18:00:00,16.6,13.7,71,11.3
"880",22719,2015-12-07 19:00:00,16,13.7,76,11.8
"881",22719,2015-12-07 20:00:00,15.8,12.6,67,9.7
"882",22719,2015-12-07 21:00:00,15.5,11.6,60,7.8
"883",22719,2015-12-07 22:00:00,15.6,12.3,66,9.3
"884",22719,2015-12-07 23:00:00,15.6,11.9,62,8.4
"885",22719,2015-12-08 00:00:00,15.3,11.6,61,7.9
"886",22719,2015-12-08 01:00:00,15,11.8,66,8.7
"887",22719,2015-12-08 02:00:00,15,11.5,63,8
"888",22719,2015-12-08 03:00:00,14.8,11.5,65,8.3
"889",22719,2015-12-08 04:00:00,14.3,10.5,59,6.4
"890",22719,2015-12-08 05:00:00,14.9,11.3,62,7.7
"891",22719,2015-12-08 06:00:00,15.4,10.8,53,5.9
"892",22719,2015-12-08 07:00:00,15.7,12.5,67,9.6
"893",22719,2015-12-08 08:00:00,15.4,12.4,68,9.6
"894",22719,2015-12-08 09:00:00,17.1,11.9,50,6.6
"895",22719,2015-12-08 10:00:00,17.8,12.7,52,7.8
"896",22719,2015-12-08 11:00:00,17.8,13,55,8.7
"897",22719,2015-12-08 12:00:00,16.1,13.3,71,10.9
"898",22719,2015-12-08 13:00:00,17.4,13,58,9.1
"899",22719,2015-12-08 14:00:00,18.6,13.4,52,8.6
"900",22719,2015-12-08 15:00:00,18.3,13.7,57,9.7
"901",22719,2015-12-08 16:00:00,16.2,13.3,70,10.7
"902",22719,2015-12-08 17:00:00,16.2,13,67,10.1
"903",22719,2015-12-08 18:00:00,16.2,12.5,63,9.2
"904",22719,2015-12-08 19:00:00,15.8,12.6,67,9.7
"905",22719,2015-12-08 20:00:00,15.7,12.6,68,9.8
"906",22719,2015-12-08 21:00:00,15.9,12.7,67,9.8
"907",22719,2015-12-08 22:00:00,15.7,12.8,70,10.3
"908",22719,2015-12-08 23:00:00,15.2,12.7,73,10.4
"909",22719,2015-12-09 00:00:00,15.2,12.4,70,9.8
"910",22719,2015-12-09 01:00:00,15.4,12.5,69,9.8
"911",22719,2015-12-09 02:00:00,15,12.2,70,9.6
"912",22719,2015-12-09 03:00:00,15.1,12.3,70,9.7
"913",22719,2015-12-09 04:00:00,14.8,12.1,71,9.6
"914",22719,2015-12-09 05:00:00,15.1,12.4,71,9.9
"915",22719,2015-12-09 06:00:00,15.6,12.1,64,8.8
"916",22719,2015-12-09 07:00:00,15.9,12.8,68,10
"917",22719,2015-12-09 08:00:00,17.3,13,58,9
"918",22719,2015-12-09 09:00:00,16.8,13.1,63,9.7
"919",22719,2015-12-09 10:00:00,18.4,13.9,58,10
"920",22719,2015-12-09 11:00:00,19.4,15,60,11.4
"921",22719,2015-12-09 12:00:00,19.2,14.1,54,9.7
"922",22719,2015-12-09 13:00:00,18.6,14,57,9.9
"923",22719,2015-12-09 14:00:00,18.9,13.9,54,9.4
"924",22719,2015-12-09 15:00:00,18,14.3,65,11.3
"925",22719,2015-12-09 16:00:00,17.7,13.9,63,10.6
"926",22719,2015-12-09 17:00:00,16.6,13.9,73,11.8
"927",22719,2015-12-09 18:00:00,16.1,13.4,72,11.1
"928",22719,2015-12-09 19:00:00,16,13.4,73,11.2
"929",22719,2015-12-09 20:00:00,15.9,13.1,71,10.7
"930",22719,2015-12-09 21:00:00,15.7,13.2,74,11.1
"931",22719,2015-12-09 22:00:00,15.6,13,73,10.8
"932",22719,2015-12-09 23:00:00,15.4,12.9,74,10.8
"933",22719,2015-12-10 00:00:00,15.6,12.9,72,10.6
"934",22719,2015-12-10 01:00:00,15.2,12.8,74,10.6
"935",22719,2015-12-10 02:00:00,15.3,12.9,74,10.7
"936",22719,2015-12-10 03:00:00,15.1,12.2,69,9.5
"937",22719,2015-12-10 04:00:00,15,12.4,72,10
"938",22719,2015-12-10 05:00:00,14.9,11.6,65,8.4
"939",22719,2015-12-10 06:00:00,15.1,12.3,70,9.7
"940",22719,2015-12-10 07:00:00,15.4,12.5,69,9.8
"941",22719,2015-12-10 08:00:00,15.9,12.5,65,9.4
"942",22719,2015-12-10 09:00:00,16.3,13.3,69,10.6
"943",22719,2015-12-10 10:00:00,17.2,13.4,63,10.1
"944",22719,2015-12-10 11:00:00,18.1,14,61,10.5
"945",22719,2015-12-10 12:00:00,18.6,14.2,59,10.5
"946",22719,2015-12-10 13:00:00,18.9,14.3,58,10.5
"947",22719,2015-12-10 14:00:00,19.2,14.9,61,11.5
"948",22719,2015-12-10 15:00:00,19.2,14.9,61,11.5
"949",22719,2015-12-10 16:00:00,18.5,14.7,64,11.6
"950",22719,2015-12-10 17:00:00,17.4,14.1,68,11.5
"951",22719,2015-12-10 18:00:00,17.1,14.1,70,11.6
"952",22719,2015-12-10 19:00:00,16.9,14,71,11.6
"953",22719,2015-12-10 20:00:00,16.8,14.3,75,12.4
"954",22719,2015-12-10 21:00:00,16.8,14.7,79,13.1
"955",22719,2015-12-10 22:00:00,16.7,14.9,81,13.4
"956",22719,2015-12-10 23:00:00,16.9,15.1,82,13.8
"957",22719,2015-12-11 00:00:00,17.4,15.7,83,14.5
"958",22719,2015-12-11 01:00:00,17.3,15.8,85,14.8
"959",22719,2015-12-11 02:00:00,17.1,15.9,88,15.1
"960",22719,2015-12-11 03:00:00,17.2,16.1,89,15.4
"961",22719,2015-12-11 04:00:00,17.2,16.4,92,15.9
"962",22719,2015-12-11 05:00:00,17.8,17,92,16.5
"963",22719,2015-12-11 06:00:00,17.9,17.1,92,16.6
"964",22719,2015-12-11 07:00:00,18,17.3,93,16.9
"965",22719,2015-12-11 08:00:00,18.2,17.6,94,17.2
"966",22719,2015-12-11 09:00:00,18.4,17.7,93,17.3
"967",22719,2015-12-11 10:00:00,19.1,17.9,88,17.1
"968",22719,2015-12-11 11:00:00,19.8,18.1,84,17
"969",22719,2015-12-11 12:00:00,20.1,18.3,83,17.1
"970",22719,2015-12-11 13:00:00,20.6,18.4,80,17
"971",22719,2015-12-11 14:00:00,19.7,18,84,16.9
"972",22719,2015-12-11 15:00:00,19.6,18.1,86,17.2
"973",22719,2015-12-11 16:00:00,19.2,18,88,17.2
"974",22719,2015-12-11 17:00:00,18.4,17.5,91,16.9
"975",22719,2015-12-11 18:00:00,18.1,17.3,92,16.8
"976",22719,2015-12-11 19:00:00,17.9,16.8,89,16.1
"977",22719,2015-12-11 20:00:00,17.5,16.4,89,15.7
"978",22719,2015-12-11 21:00:00,17.3,16.5,92,16
"979",22719,2015-12-11 22:00:00,17.6,16.7,91,16.1
"980",22719,2015-12-11 23:00:00,17.7,16.5,88,15.7
"981",22719,2015-12-12 00:00:00,17.7,16.7,90,16
"982",22719,2015-12-12 01:00:00,18.1,16.8,87,15.9
"983",22719,2015-12-12 02:00:00,18,16.6,86,15.6
"984",22719,2015-12-12 03:00:00,17.8,16.4,86,15.4
"985",22719,2015-12-12 04:00:00,17.7,16.4,87,15.5
"986",22719,2015-12-12 05:00:00,17.7,16.4,87,15.5
"987",22719,2015-12-12 06:00:00,18,16.3,83,15.1
"988",22719,2015-12-12 07:00:00,19.8,17.4,78,15.9
"989",22719,2015-12-12 08:00:00,19.8,17.8,81,16.5
"990",22719,2015-12-12 09:00:00,20.4,18.1,79,16.7
"991",22719,2015-12-12 10:00:00,23.6,20.3,73,18.5
"992",22719,2015-12-12 11:00:00,23.7,20.1,70,17.9
"993",22719,2015-12-12 12:00:00,23.1,19.3,68,16.9
"994",22719,2015-12-12 13:00:00,22.6,18.7,67,16.2
"995",22719,2015-12-12 14:00:00,24.1,19.3,62,16.4
"996",22719,2015-12-12 15:00:00,24.8,19.5,59,16.3
"997",22719,2015-12-12 16:00:00,23.8,18.5,58,15
"998",22719,2015-12-12 17:00:00,23.9,18.5,57,14.9
"999",22719,2015-12-12 18:00:00,21.5,17.2,63,14.2
"1000",22719,2015-12-12 19:00:00,20.7,17.1,68,14.6
"1001",22719,2015-12-12 20:00:00,19.5,16.4,71,14.1
"1002",22719,2015-12-12 21:00:00,19.1,16.3,74,14.4
"1003",22719,2015-12-12 22:00:00,18.7,16.3,77,14.6
"1004",22719,2015-12-12 23:00:00,18.6,16.3,78,14.7
"1005",22719,2015-12-13 00:00:00,19,16.5,76,14.7
"1006",22719,2015-12-13 01:00:00,19,16.5,76,14.7
"1007",22719,2015-12-13 02:00:00,19,16.6,77,14.9
"1008",22719,2015-12-13 03:00:00,18.9,16.6,78,15
"1009",22719,2015-12-13 04:00:00,18,16.6,86,15.6
"1010",22719,2015-12-13 05:00:00,17.9,16.9,90,16.3
"1011",22719,2015-12-13 06:00:00,18.3,17.5,92,17
"1012",22719,2015-12-13 07:00:00,17.2,16.3,91,15.7
"1013",22719,2015-12-13 08:00:00,16.8,15.9,91,15.3
"1014",22719,2015-12-13 09:00:00,17,15.8,88,15
"1015",22719,2015-12-13 10:00:00,18.9,16.3,75,14.4
"1016",22719,2015-12-13 11:00:00,19,15.9,71,13.6
"1017",22719,2015-12-13 12:00:00,20,16.2,66,13.5
"1018",22719,2015-12-13 13:00:00,20.2,16.3,65,13.4
"1019",22719,2015-12-13 14:00:00,20.3,16.1,63,13
"1020",22719,2015-12-13 15:00:00,20.5,16.3,63,13.2
"1021",22719,2015-12-13 16:00:00,20.3,15.9,61,12.6
"1022",22719,2015-12-13 17:00:00,18.4,14.2,61,10.8
"1023",22719,2015-12-13 18:00:00,17.9,13.7,60,10.1
"1024",22719,2015-12-13 19:00:00,16.6,13.4,68,10.7
"1025",22719,2015-12-13 20:00:00,15.4,12.6,70,10
"1026",22719,2015-12-13 21:00:00,15.1,11.8,65,8.6
"1027",22719,2015-12-13 22:00:00,15.2,12.2,68,9.4
"1028",22719,2015-12-13 23:00:00,15.3,12,65,8.8
"1029",22719,2015-12-14 00:00:00,15.1,11.6,63,8.1
"1030",22719,2015-12-14 01:00:00,15.2,11.6,62,8
"1031",22719,2015-12-14 02:00:00,15,11.8,66,8.7
"1032",22719,2015-12-14 03:00:00,14.8,11.8,68,9
"1033",22719,2015-12-14 04:00:00,14.4,11.5,68,8.6
"1034",22719,2015-12-14 05:00:00,14,11.2,69,8.4
"1035",22719,2015-12-14 06:00:00,14.4,11.8,72,9.4
"1036",22719,2015-12-14 07:00:00,15.7,12.5,67,9.6
"1037",22719,2015-12-14 08:00:00,16.8,12.6,59,8.8
"1038",22719,2015-12-14 09:00:00,17.4,12.6,54,8
"1039",22719,2015-12-14 10:00:00,18.6,14,57,9.9
"1040",22719,2015-12-14 11:00:00,18.5,13.6,55,9.3
"1041",22719,2015-12-14 12:00:00,18.9,14,55,9.7
"1042",22719,2015-12-14 13:00:00,19.2,13.9,52,9.1
"1043",22719,2015-12-14 14:00:00,18.3,13.2,53,8.6
"1044",22719,2015-12-14 15:00:00,18.4,13.9,58,10
"1045",22719,2015-12-14 16:00:00,17.1,12.8,58,8.8
"1046",22719,2015-12-14 17:00:00,17.6,13.3,59,9.5
"1047",22719,2015-12-14 18:00:00,17.3,13.2,60,9.5
"1048",22719,2015-12-14 19:00:00,16,12.2,61,8.5
"1049",22719,2015-12-14 20:00:00,14.8,12.1,71,9.6
"1050",22719,2015-12-14 21:00:00,15.1,12.4,71,9.9
"1051",22719,2015-12-14 22:00:00,14.8,12.2,72,9.8
"1052",22719,2015-12-14 23:00:00,14.6,12,72,9.6
"1053",22719,2015-12-15 00:00:00,15,12,68,9.2
"1054",22719,2015-12-15 01:00:00,15.1,12.3,70,9.7
"1055",22719,2015-12-15 02:00:00,14.8,12,70,9.4
"1056",22719,2015-12-15 03:00:00,15,12.4,72,10
"1057",22719,2015-12-15 04:00:00,14.6,11.8,70,9.2
"1058",22719,2015-12-15 05:00:00,14.3,11.7,71,9.1
"1059",22719,2015-12-15 06:00:00,15.4,11.8,63,8.4
"1060",22719,2015-12-15 07:00:00,15.6,12.6,69,10
"1061",22719,2015-12-15 08:00:00,16.4,13.5,70,10.9
"1062",22719,2015-12-15 09:00:00,16.5,13.4,69,10.8
"1063",22719,2015-12-15 10:00:00,18,13.8,60,10.1
"1064",22719,2015-12-15 11:00:00,18.7,14.3,59,10.5
"1065",22719,2015-12-15 12:00:00,18.9,15.3,66,12.4
"1066",22719,2015-12-15 13:00:00,18.3,14.6,65,11.6
"1067",22719,2015-12-15 14:00:00,20.3,16,62,12.8
"1068",22719,2015-12-15 15:00:00,17.5,15.3,78,13.6
"1069",22719,2015-12-15 16:00:00,18.8,15.5,69,13
"1070",22719,2015-12-15 17:00:00,17.9,14.5,67,11.7
"1071",22719,2015-12-15 18:00:00,17.3,14.3,70,11.8
"1072",22719,2015-12-15 19:00:00,16.7,13.8,71,11.4
"1073",22719,2015-12-15 20:00:00,16.1,13.8,76,11.9
"1074",22719,2015-12-15 21:00:00,16,14,79,12.4
"1075",22719,2015-12-15 22:00:00,15.9,14,80,12.5
"1076",22719,2015-12-15 23:00:00,15.5,13.5,79,11.9
"1077",22719,2015-12-16 00:00:00,16.2,14,77,12.2
"1078",22719,2015-12-16 01:00:00,16.3,14.3,79,12.7
"1079",22719,2015-12-16 02:00:00,16,14,79,12.4
"1080",22719,2015-12-16 03:00:00,15.9,13.7,77,11.9
"1081",22719,2015-12-16 04:00:00,16,13.8,77,12
"1082",22719,2015-12-16 05:00:00,15.8,13.7,78,12
"1083",22719,2015-12-16 06:00:00,16.3,14,76,12.1
"1084",22719,2015-12-16 07:00:00,17.5,14.8,73,12.6
"1085",22719,2015-12-16 08:00:00,18.8,15.5,69,13
"1086",22719,2015-12-16 09:00:00,19.8,16.3,68,13.7
"1087",22719,2015-12-16 10:00:00,20,16.2,66,13.5
"1088",22719,2015-12-16 11:00:00,21.5,17.1,62,13.9
"1089",22719,2015-12-16 12:00:00,21.2,17.1,64,14.1
"1090",22719,2015-12-16 13:00:00,22.7,17.7,59,14.3
"1091",22719,2015-12-16 14:00:00,20.5,17.4,72,15.3
"1092",22719,2015-12-16 15:00:00,20.3,16.7,68,14.2
"1093",22719,2015-12-16 16:00:00,19.4,15.9,68,13.4
"1094",22719,2015-12-16 17:00:00,18.2,14.9,68,12.2
"1095",22719,2015-12-16 18:00:00,17.6,14.5,70,12.1
"1096",22719,2015-12-16 19:00:00,16.8,14.1,73,11.9
"1097",22719,2015-12-16 20:00:00,15.6,13.8,81,12.4
"1098",22719,2015-12-16 21:00:00,15.1,13.7,85,12.6
"1099",22719,2015-12-16 22:00:00,14.8,13.2,82,11.8
"1100",22719,2015-12-16 23:00:00,15.3,12.5,70,9.9
"1101",22719,2015-12-17 00:00:00,14.9,12.1,70,9.5
"1102",22719,2015-12-17 01:00:00,15.3,12.2,67,9.2
"1103",22719,2015-12-17 02:00:00,15.6,11.9,62,8.4
"1104",22719,2015-12-17 03:00:00,15.1,12.1,68,9.3
"1105",22719,2015-12-17 04:00:00,15.1,12.3,70,9.7
"1106",22719,2015-12-17 05:00:00,14.1,12.1,78,10.3
"1107",22719,2015-12-17 06:00:00,13.6,11.5,76,9.5
"1108",22719,2015-12-17 07:00:00,13.9,11.9,78,10.2
"1109",22719,2015-12-17 08:00:00,15.7,13.5,77,11.7
"1110",22719,2015-12-17 09:00:00,17.1,14.2,71,11.8
"1111",22719,2015-12-17 10:00:00,17.5,13.9,65,10.9
"1112",22719,2015-12-17 11:00:00,18.6,14.5,62,11.2
"1113",22719,2015-12-17 12:00:00,20,15.2,57,11.2
"1114",22719,2015-12-17 13:00:00,20.2,14.8,53,10.3
"1115",22719,2015-12-17 14:00:00,20.6,15,52,10.4
"1116",22719,2015-12-17 15:00:00,18,13.1,54,8.6
"1117",22719,2015-12-17 16:00:00,17.9,13.5,58,9.5
"1118",22719,2015-12-17 17:00:00,16.6,12.8,62,9.3
"1119",22719,2015-12-17 18:00:00,16.4,12.3,59,8.4
"1120",22719,2015-12-17 19:00:00,15.4,11.8,63,8.4
"1121",22719,2015-12-17 20:00:00,14.8,12.1,71,9.6
"1122",22719,2015-12-17 21:00:00,14.1,11.8,74,9.6
"1123",22719,2015-12-17 22:00:00,13.7,11.5,75,9.4
"1124",22719,2015-12-17 23:00:00,13.9,11.6,74,9.3
"1125",22719,2015-12-18 00:00:00,13.3,11.3,77,9.4
"1126",22719,2015-12-18 01:00:00,12.4,11.6,90,10.8
"1127",22719,2015-12-18 02:00:00,12.5,11.7,90,10.9
"1128",22719,2015-12-18 03:00:00,12.9,12,89,11.1
"1129",22719,2015-12-18 04:00:00,12.6,11.7,89,10.9
"1130",22719,2015-12-18 05:00:00,12.2,11.2,88,10.3
"1131",22719,2015-12-18 06:00:00,12.5,11.1,83,9.7
"1132",22719,2015-12-18 07:00:00,13.5,11.5,77,9.6
"1133",22719,2015-12-18 08:00:00,15,11.9,67,8.9
"1134",22719,2015-12-18 09:00:00,16.1,12.1,60,8.4
"1135",22719,2015-12-18 10:00:00,17.5,12.8,55,8.4
"1136",22719,2015-12-18 11:00:00,18.2,13.2,53,8.5
"1137",22719,2015-12-18 12:00:00,18.5,13,50,7.9
"1138",22719,2015-12-18 13:00:00,18.8,14.4,59,10.6
"1139",22719,2015-12-18 14:00:00,18.6,13.1,50,8
"1140",22719,2015-12-18 15:00:00,19,13.9,54,9.5
"1141",22719,2015-12-18 16:00:00,18.4,13.6,55,9.2
"1142",22719,2015-12-18 17:00:00,18.5,13.9,57,9.8
"1143",22719,2015-12-18 18:00:00,17.8,13.5,59,9.7
"1144",22719,2015-12-18 19:00:00,16.7,13,63,9.6
"1145",22719,2015-12-18 20:00:00,15.9,13.1,71,10.7
"1146",22719,2015-12-18 21:00:00,15.7,13.1,73,10.9
"1147",22719,2015-12-18 22:00:00,15.6,13.1,74,11
"1148",22719,2015-12-18 23:00:00,15.6,13.2,75,11.2
"1149",22719,2015-12-19 00:00:00,15.6,13.2,75,11.2
"1150",22719,2015-12-19 01:00:00,15.5,13.2,76,11.3
"1151",22719,2015-12-19 02:00:00,15.4,13,75,11
"1152",22719,2015-12-19 03:00:00,15.1,12.8,75,10.7
"1153",22719,2015-12-19 04:00:00,15,12.6,74,10.4
"1154",22719,2015-12-19 05:00:00,14.9,12.8,77,10.9
"1155",22719,2015-12-19 06:00:00,15.8,13.5,76,11.6
"1156",22719,2015-12-19 07:00:00,16.9,13.8,69,11.2
"1157",22719,2015-12-19 08:00:00,18.3,15,68,12.3
"1158",22719,2015-12-19 09:00:00,18.7,14.6,62,11.3
"1159",22719,2015-12-19 10:00:00,18.6,14.9,65,11.9
"1160",22719,2015-12-19 11:00:00,20.3,15.9,61,12.6
"1161",22719,2015-12-19 12:00:00,19.8,16.6,71,14.4
"1162",22719,2015-12-19 13:00:00,20.4,16.6,66,13.9
"1163",22719,2015-12-19 14:00:00,20.7,17,67,14.4
"1164",22719,2015-12-19 15:00:00,20.2,16.9,70,14.6
"1165",22719,2015-12-19 16:00:00,19.8,16.3,68,13.7
"1166",22719,2015-12-19 17:00:00,19,15.9,71,13.6
"1167",22719,2015-12-19 18:00:00,18.8,15.7,71,13.4
"1168",22719,2015-12-19 19:00:00,17.7,15.3,76,13.4
"1169",22719,2015-12-19 20:00:00,16.7,15,82,13.6
"1170",22719,2015-12-19 21:00:00,16.3,14.6,82,13.2
"1171",22719,2015-12-19 22:00:00,15.9,14.2,82,12.8
"1172",22719,2015-12-19 23:00:00,15.5,14.1,85,13
"1173",22719,2015-12-20 00:00:00,15.3,14.1,87,13.2
"1174",22719,2015-12-20 01:00:00,15.3,14.2,88,13.3
"1175",22719,2015-12-20 02:00:00,15.4,14.2,87,13.3
"1176",22719,2015-12-20 03:00:00,16,14.7,86,13.7
"1177",22719,2015-12-20 04:00:00,16.6,15,83,13.7
"1178",22719,2015-12-20 05:00:00,16.7,15,82,13.6
"1179",22719,2015-12-20 06:00:00,16.6,14.6,79,12.9
"1180",22719,2015-12-20 07:00:00,17,14.8,78,13.1
"1181",22719,2015-12-20 08:00:00,17.7,14.7,71,12.4
"1182",22719,2015-12-20 09:00:00,18.4,14.9,67,12.2
"1183",22719,2015-12-20 10:00:00,19.2,15.3,64,12.2
"1184",22719,2015-12-20 11:00:00,20.3,16.3,64,13.3
"1185",22719,2015-12-20 12:00:00,20.7,16.6,64,13.7
"1186",22719,2015-12-20 13:00:00,20.7,17.1,68,14.6
"1187",22719,2015-12-20 14:00:00,20.9,16.8,64,13.9
"1188",22719,2015-12-20 15:00:00,20.3,16.1,63,13
"1189",22719,2015-12-20 16:00:00,20.2,17,71,14.8
"1190",22719,2015-12-20 17:00:00,19.2,16.2,72,14.1
"1191",22719,2015-12-20 18:00:00,18.7,15.9,73,13.8
"1192",22719,2015-12-20 19:00:00,18.1,15.6,76,13.8
"1193",22719,2015-12-20 20:00:00,17.4,15.2,78,13.5
"1194",22719,2015-12-20 21:00:00,16.8,14.9,81,13.5
"1195",22719,2015-12-20 22:00:00,16.4,14.7,82,13.3
"1196",22719,2015-12-20 23:00:00,16.2,14.5,82,13.1
"1197",22719,2015-12-21 00:00:00,16.9,14.9,80,13.4
"1198",22719,2015-12-21 01:00:00,16.8,14.9,81,13.5
"1199",22719,2015-12-21 02:00:00,16.6,14.9,82,13.5
"1200",22719,2015-12-21 03:00:00,16.2,14.5,82,13.1
"1201",22719,2015-12-21 04:00:00,15.9,14.4,84,13.2
"1202",22719,2015-12-21 05:00:00,16.6,14.9,82,13.5
"1203",22719,2015-12-21 06:00:00,17,15.1,81,13.7
"1204",22719,2015-12-21 07:00:00,17.9,15.7,78,14
"1205",22719,2015-12-21 08:00:00,18.4,15.7,74,13.7
"1206",22719,2015-12-21 09:00:00,20.1,17,72,14.9
"1207",22719,2015-12-21 10:00:00,21,17.7,71,15.6
"1208",22719,2015-12-21 11:00:00,21.4,18,70,15.7
"1209",22719,2015-12-21 12:00:00,22.1,18.5,69,16.1
"1210",22719,2015-12-21 13:00:00,21.8,18.6,72,16.5
"1211",22719,2015-12-21 14:00:00,20.6,17.6,73,15.6
"1212",22719,2015-12-21 15:00:00,20.8,17.5,71,15.4
"1213",22719,2015-12-21 16:00:00,20.7,17.5,71,15.3
"1214",22719,2015-12-21 17:00:00,20.8,17.5,71,15.4
"1215",22719,2015-12-21 18:00:00,19.6,17.1,77,15.5
"1216",22719,2015-12-21 19:00:00,18.8,16.7,80,15.3
"1217",22719,2015-12-21 20:00:00,18.4,16.2,79,14.7
"1218",22719,2015-12-21 21:00:00,18.2,16.1,79,14.5
"1219",22719,2015-12-21 22:00:00,17.8,15.9,81,14.5
"1220",22719,2015-12-21 23:00:00,17.5,15.9,84,14.8
"1221",22719,2015-12-22 00:00:00,17.6,16,84,14.9
"1222",22719,2015-12-22 01:00:00,17.2,15.4,82,14.1
"1223",22719,2015-12-22 02:00:00,17.2,15.3,81,13.9
"1224",22719,2015-12-22 03:00:00,17.3,14.9,76,13
"1225",22719,2015-12-22 04:00:00,17.4,15.3,79,13.7
"1226",22719,2015-12-22 05:00:00,17.4,15.3,79,13.7
"1227",22719,2015-12-22 06:00:00,17.8,15.8,80,14.3
"1228",22719,2015-12-22 07:00:00,18.5,16.2,78,14.6
"1229",22719,2015-12-22 08:00:00,19.5,16.7,74,14.8
"1230",22719,2015-12-22 09:00:00,20.4,17.4,73,15.4
"1231",22719,2015-12-22 10:00:00,21.2,17.7,69,15.3
"1232",22719,2015-12-22 11:00:00,21.8,18.3,70,16.1
"1233",22719,2015-12-22 12:00:00,23,18.6,64,15.8
"1234",22719,2015-12-22 13:00:00,23.6,18.6,60,15.4
"1235",22719,2015-12-22 14:00:00,23.6,18.9,62,15.9
"1236",22719,2015-12-22 15:00:00,22.5,18.2,64,15.4
"1237",22719,2015-12-22 16:00:00,21.3,18.2,73,16.3
"1238",22719,2015-12-22 17:00:00,20.6,17.2,70,14.9
"1239",22719,2015-12-22 18:00:00,20.6,18.3,79,16.8
"1240",22719,2015-12-22 19:00:00,19.9,17.8,80,16.4
"1241",22719,2015-12-22 20:00:00,19.1,17.2,82,16
"1242",22719,2015-12-22 21:00:00,19.2,17.4,83,16.3
"1243",22719,2015-12-22 22:00:00,19.3,17.5,83,16.4
"1244",22719,2015-12-22 23:00:00,19.2,17.6,85,16.6
"1245",22719,2015-12-23 00:00:00,18.5,17.7,92,17.2
"1246",22719,2015-12-23 01:00:00,17.4,16.6,92,16.1
"1247",22719,2015-12-23 02:00:00,16.1,15.1,89,14.3
"1248",22719,2015-12-23 03:00:00,15.9,14.6,86,13.6
"1249",22719,2015-12-23 04:00:00,15.8,13.7,78,12
"1250",22719,2015-12-23 05:00:00,15.6,13.1,74,11
"1251",22719,2015-12-23 06:00:00,15.9,13.6,76,11.7
"1252",22719,2015-12-23 07:00:00,16.8,13.8,70,11.3
"1253",22719,2015-12-23 08:00:00,17.8,14.3,66,11.4
"1254",22719,2015-12-23 09:00:00,19.3,15.5,65,12.6
"1255",22719,2015-12-23 10:00:00,20.2,15.8,61,12.5
"1256",22719,2015-12-23 11:00:00,20.3,15.9,61,12.6
"1257",22719,2015-12-23 12:00:00,21.7,16.5,56,12.6
"1258",22719,2015-12-23 13:00:00,22.1,17.6,62,14.5
"1259",22719,2015-12-23 14:00:00,21.4,16.5,58,12.8
"1260",22719,2015-12-23 15:00:00,22.1,17.2,59,13.7
"1261",22719,2015-12-23 16:00:00,22,17,58,13.4
"1262",22719,2015-12-23 17:00:00,20.2,17,71,14.8
"1263",22719,2015-12-23 18:00:00,18.9,16.2,74,14.2
"1264",22719,2015-12-23 19:00:00,17.7,15.4,77,13.6
"1265",22719,2015-12-23 20:00:00,16.8,15.6,88,14.8
"1266",22719,2015-12-23 21:00:00,16.5,15.3,87,14.3
"1267",22719,2015-12-23 22:00:00,16.9,15.1,82,13.8
"1268",22719,2015-12-23 23:00:00,16.8,14.7,79,13.1
"1269",22719,2015-12-24 00:00:00,16.5,14.5,79,12.9
"1270",22719,2015-12-24 01:00:00,16,14.4,83,13.1
"1271",22719,2015-12-24 02:00:00,16,14.2,81,12.8
"1272",22719,2015-12-24 03:00:00,16.2,14.5,82,13.1
"1273",22719,2015-12-24 04:00:00,16.4,14.8,83,13.5
"1274",22719,2015-12-24 05:00:00,16.4,14.7,82,13.3
"1275",22719,2015-12-24 06:00:00,16.6,14.8,81,13.3
"1276",22719,2015-12-24 07:00:00,17.6,15.4,78,13.7
"1277",22719,2015-12-24 08:00:00,17.6,15.3,77,13.5
"1278",22719,2015-12-24 09:00:00,17.7,15.5,78,13.8
"1279",22719,2015-12-24 10:00:00,19.1,16.2,73,14.2
"1280",22719,2015-12-24 11:00:00,19.4,16.2,70,13.8
"1281",22719,2015-12-24 12:00:00,19.1,16.2,73,14.2
"1282",22719,2015-12-24 13:00:00,18,16,80,14.5
"1283",22719,2015-12-24 14:00:00,17.1,16,89,15.3
"1284",22719,2015-12-24 15:00:00,17.6,16.6,90,16
"1285",22719,2015-12-24 16:00:00,17.8,16.6,88,15.8
"1286",22719,2015-12-24 17:00:00,18.1,16.4,83,15.2
"1287",22719,2015-12-24 18:00:00,17.4,16.2,88,15.4
"1288",22719,2015-12-24 19:00:00,15.2,14.7,94,14.3
"1289",22719,2015-12-24 20:00:00,14.8,14.3,94,13.8
"1290",22719,2015-12-24 21:00:00,15.2,14.8,95,14.4
"1291",22719,2015-12-24 22:00:00,15.1,14.7,95,14.3
"1292",22719,2015-12-24 23:00:00,15.7,15.1,93,14.6
"1293",22719,2015-12-25 00:00:00,15.3,14.6,92,14
"1294",22719,2015-12-25 01:00:00,15.7,14.3,85,13.2
"1295",22719,2015-12-25 02:00:00,15.6,14.3,86,13.3
"1296",22719,2015-12-25 03:00:00,15.1,14.1,89,13.3
"1297",22719,2015-12-25 04:00:00,14.6,13.6,89,12.8
"1298",22719,2015-12-25 05:00:00,14.8,13.5,86,12.5
"1299",22719,2015-12-25 06:00:00,15.4,13.6,81,12.2
"1300",22719,2015-12-25 07:00:00,15.5,13.2,76,11.3
"1301",22719,2015-12-25 08:00:00,17.3,14.1,68,11.4
"1302",22719,2015-12-25 09:00:00,18.2,14.4,64,11.3
"1303",22719,2015-12-25 10:00:00,18.5,14.8,65,11.8
"1304",22719,2015-12-25 11:00:00,18.7,15.3,68,12.7
"1305",22719,2015-12-25 12:00:00,18.1,15.3,73,13.2
"1306",22719,2015-12-25 13:00:00,19,15.3,66,12.5
"1307",22719,2015-12-25 14:00:00,19.8,15.6,62,12.3
"1308",22719,2015-12-25 15:00:00,20.3,15.9,61,12.6
"1309",22719,2015-12-25 16:00:00,20,16,64,13
"1310",22719,2015-12-25 17:00:00,19.6,15.8,65,12.9
"1311",22719,2015-12-25 18:00:00,18.8,15.3,67,12.6
"1312",22719,2015-12-25 19:00:00,17.8,14.9,72,12.7
"1313",22719,2015-12-25 20:00:00,16.6,14.5,78,12.8
"1314",22719,2015-12-25 21:00:00,16.5,14.6,80,13
"1315",22719,2015-12-25 22:00:00,16.4,14.6,81,13.1
"1316",22719,2015-12-25 23:00:00,16.6,14.7,80,13.1
"1317",22719,2015-12-26 00:00:00,16,14.5,84,13.3
"1318",22719,2015-12-26 01:00:00,15.8,14.5,86,13.5
"1319",22719,2015-12-26 02:00:00,15.8,14.5,86,13.5
"1320",22719,2015-12-26 03:00:00,15.4,14.2,87,13.3
"1321",22719,2015-12-26 04:00:00,14.4,13.4,89,12.6
"1322",22719,2015-12-26 05:00:00,13.8,13.1,92,12.5
"1323",22719,2015-12-26 06:00:00,14.7,14.1,93,13.6
"1324",22719,2015-12-26 07:00:00,17.3,16.1,88,15.3
"1325",22719,2015-12-26 08:00:00,19.3,16.6,75,14.8
"1326",22719,2015-12-26 09:00:00,20.9,17.6,71,15.4
"1327",22719,2015-12-26 10:00:00,23,18.9,66,16.3
"1328",22719,2015-12-26 11:00:00,24.5,19.4,60,16.2
"1329",22719,2015-12-26 12:00:00,24.9,20.2,63,17.4
"1330",22719,2015-12-26 13:00:00,24.1,19.5,63,16.6
"1331",22719,2015-12-26 14:00:00,24.7,19.9,62,16.9
"1332",22719,2015-12-26 15:00:00,24.9,20.3,64,17.6
"1333",22719,2015-12-26 16:00:00,24.4,20.4,68,18.1
"1334",22719,2015-12-26 17:00:00,23.5,19.5,67,17
"1335",22719,2015-12-26 18:00:00,22.5,17.4,58,13.8
"1336",22719,2015-12-26 19:00:00,21.4,17.2,64,14.3
"1337",22719,2015-12-26 20:00:00,19.6,16.8,74,14.9
"1338",22719,2015-12-26 21:00:00,18.6,16.5,80,15.1
"1339",22719,2015-12-26 22:00:00,18.2,16.3,81,14.9
"1340",22719,2015-12-26 23:00:00,18.3,16.3,80,14.8
"1341",22719,2015-12-27 00:00:00,17.9,16.3,84,15.2
"1342",22719,2015-12-27 01:00:00,18,16.7,87,15.8
"1343",22719,2015-12-27 02:00:00,18,16.6,86,15.6
"1344",22719,2015-12-27 03:00:00,17.2,16.1,89,15.4
"1345",22719,2015-12-27 04:00:00,16.8,15.8,90,15.2
"1346",22719,2015-12-27 05:00:00,16.7,15.8,91,15.2
"1347",22719,2015-12-27 06:00:00,17.5,16.1,86,15.2
"1348",22719,2015-12-27 07:00:00,17.8,16.4,86,15.4
"1349",22719,2015-12-27 08:00:00,19,16.7,78,15.1
"1350",22719,2015-12-27 09:00:00,20.4,17.3,72,15.2
"1351",22719,2015-12-27 10:00:00,21.8,18.3,70,16.1
"1352",22719,2015-12-27 11:00:00,23.2,18.3,60,15
"1353",22719,2015-12-27 12:00:00,24.6,19.5,60,16.3
"1354",22719,2015-12-27 13:00:00,24.1,19.9,66,17.4
"1355",22719,2015-12-27 14:00:00,24.1,19.7,65,17.1
"1356",22719,2015-12-27 15:00:00,23.9,19.7,66,17.2
"1357",22719,2015-12-27 16:00:00,23.1,19.8,72,17.8
"1358",22719,2015-12-27 17:00:00,23.4,19.9,71,17.8
"1359",22719,2015-12-27 18:00:00,22.4,17.6,60,14.3
"1360",22719,2015-12-27 19:00:00,21.3,17.8,69,15.4
"1361",22719,2015-12-27 20:00:00,19.3,17,78,15.4
"1362",22719,2015-12-27 21:00:00,18.6,16.5,80,15.1
"1363",22719,2015-12-27 22:00:00,18.2,16.2,80,14.7
"1364",22719,2015-12-27 23:00:00,18.7,16.6,80,15.2
"1365",22719,2015-12-28 00:00:00,17.7,15.7,80,14.2
"1366",22719,2015-12-28 01:00:00,16.2,14.6,83,13.3
"1367",22719,2015-12-28 02:00:00,15.5,14.1,85,13
"1368",22719,2015-12-28 03:00:00,15.7,14.6,88,13.7
"1369",22719,2015-12-28 04:00:00,15.4,14.3,88,13.4
"1370",22719,2015-12-28 05:00:00,14.6,13.7,90,13
"1371",22719,2015-12-28 06:00:00,16,15.2,91,14.5
"1372",22719,2015-12-28 07:00:00,18.3,16.5,82,15.2
"1373",22719,2015-12-28 08:00:00,19.6,16.5,71,14.2
"1374",22719,2015-12-28 09:00:00,20.9,17.4,69,15
"1375",22719,2015-12-28 10:00:00,21.2,17.8,70,15.5
"1376",22719,2015-12-28 11:00:00,22.1,18.4,68,15.9
"1377",22719,2015-12-28 12:00:00,23.3,19.2,66,16.6
"1378",22719,2015-12-28 13:00:00,22.5,18.8,69,16.5
"1379",22719,2015-12-28 14:00:00,22.6,19.2,71,17.1
"1380",22719,2015-12-28 15:00:00,22,18.5,70,16.3
"1381",22719,2015-12-28 16:00:00,21.6,18,69,15.7
"1382",22719,2015-12-28 17:00:00,21,18.2,75,16.4
"1383",22719,2015-12-28 18:00:00,20.4,17.5,74,15.6
"1384",22719,2015-12-28 19:00:00,19,16.6,77,14.9
"1385",22719,2015-12-28 20:00:00,18,16.4,84,15.3
"1386",22719,2015-12-28 21:00:00,17.9,16.3,84,15.2
"1387",22719,2015-12-28 22:00:00,18,16.5,85,15.4
"1388",22719,2015-12-28 23:00:00,18.2,16.7,85,15.6
"1389",22719,2015-12-29 00:00:00,17.9,16.2,83,15
"1390",22719,2015-12-29 01:00:00,17.7,16,83,14.8
"1391",22719,2015-12-29 02:00:00,17.4,15.5,81,14.1
"1392",22719,2015-12-29 03:00:00,17.4,15.7,83,14.5
"1393",22719,2015-12-29 04:00:00,17.2,15.5,83,14.3
"1394",22719,2015-12-29 05:00:00,17,15.2,82,13.9
"1395",22719,2015-12-29 06:00:00,17.3,15.6,83,14.4
"1396",22719,2015-12-29 07:00:00,18.2,15.8,77,14.1
"1397",22719,2015-12-29 08:00:00,19.6,16.5,71,14.2
"1398",22719,2015-12-29 09:00:00,20.2,16.9,70,14.6
"1399",22719,2015-12-29 10:00:00,21,17.4,68,14.9
"1400",22719,2015-12-29 11:00:00,21.7,18.2,70,16
"1401",22719,2015-12-29 12:00:00,22.3,18.8,70,16.6
"1402",22719,2015-12-29 13:00:00,22,18.6,71,16.5
"1403",22719,2015-12-29 14:00:00,22.3,18.7,69,16.3
"1404",22719,2015-12-29 15:00:00,22.3,18.7,69,16.3
"1405",22719,2015-12-29 16:00:00,21.7,18.4,71,16.2
"1406",22719,2015-12-29 17:00:00,20.4,17.5,74,15.6
"1407",22719,2015-12-29 18:00:00,20.4,17.4,73,15.4
"1408",22719,2015-12-29 19:00:00,19.7,17.2,77,15.6
"1409",22719,2015-12-29 20:00:00,18.6,16.4,79,14.9
"1410",22719,2015-12-29 21:00:00,18.2,16.3,81,14.9
"1411",22719,2015-12-29 22:00:00,17.9,16.2,83,15
"1412",22719,2015-12-29 23:00:00,17.7,16.2,85,15.1
"1413",22719,2015-12-30 00:00:00,17.6,16.2,86,15.2
"1414",22719,2015-12-30 01:00:00,18.1,16.6,85,15.6
"1415",22719,2015-12-30 02:00:00,17.9,16.4,85,15.4
"1416",22719,2015-12-30 03:00:00,18.4,17,86,16
"1417",22719,2015-12-30 04:00:00,18.2,16.8,86,15.8
"1418",22719,2015-12-30 05:00:00,16.8,15.6,88,14.8
"1419",22719,2015-12-30 06:00:00,17.3,16.1,88,15.3
"1420",22719,2015-12-30 07:00:00,19.3,17.4,82,16.2
"1421",22719,2015-12-30 08:00:00,20.5,18,77,16.3
"1422",22719,2015-12-30 09:00:00,22.1,18,65,15.2
"1423",22719,2015-12-30 10:00:00,24,18.3,55,14.4
"1424",22719,2015-12-30 11:00:00,22.3,18.2,65,15.4
"1425",22719,2015-12-30 12:00:00,22.6,18,62,15
"1426",22719,2015-12-30 13:00:00,24.2,19.3,61,16.2
"1427",22719,2015-12-30 14:00:00,24.2,18.9,58,15.4
"1428",22719,2015-12-30 15:00:00,23.9,18.8,59,15.4
"1429",22719,2015-12-30 16:00:00,24,19.3,62,16.3
"1430",22719,2015-12-30 17:00:00,24.8,19.2,57,15.7
"1431",22719,2015-12-30 18:00:00,23.7,18.9,61,15.7
"1432",22719,2015-12-30 19:00:00,21.7,18.6,73,16.7
"1433",22719,2015-12-30 20:00:00,21,18.6,78,17
"1434",22719,2015-12-30 21:00:00,19.8,17.9,82,16.6
"1435",22719,2015-12-30 22:00:00,19.6,17.9,84,16.8
"1436",22719,2015-12-30 23:00:00,18.9,17.6,87,16.7
"1437",22719,2015-12-31 00:00:00,18.8,17.5,87,16.6
